Company,IPO_Status,Mean_Sentiment_Score,Num_Articles,IPO_Date,IPO_Date.1,IPO_Date +30,IPO_Ticker,PE/VC_backing,Underwriter_Rating,Age at IPO,Log_IPO_Issue_Size,FTSE_100_IVI,Market_Performance,Technology_Dummy,Healthcare_Dummy,Financials_Dummy,Energy_Utilities_Dummy,Basic_Materials_Dummy,Industrials_Dummy,Consumer_Dummy,RealEstate_Dummy,Founder_Control_dummy,High_Concentration_Dummy,Strategic_Ownership_Dummy,Article_Count,First_Day_Performance,First_Month_performance,IPO_Issue_Size_Clean,Log_of_Age,Mean_Sentiment_Score_standard,Num_Articles_log
4BASEBIO_PLC,Post-IPO,0.5874425163008489,25,2021-02-17,2021-02-17,2021-03-19,4BB.L,0,2,1, £16.49 ,16.36,0.0064,0,1,0,0,0,0,0,0,1,1,1,34,0.04693140794223827,-0.1206896551724138,16.49,0.0,-0.03861746492569202,3.2188758248682006
4BASEBIO_PLC,Pre-IPO,0.3477772445501204,9,2021-02-17,2021-02-17,2021-03-19,4BB.L,0,2,1, £16.49 ,16.36,0.0064,0,1,0,0,0,0,0,0,1,1,1,34,0.04693140794223827,-0.1206896551724138,16.49,0.0,-1.4837190047371236,2.1972245773362196
4GLOBAL_PLC,Post-IPO,0.20580329662910196,28,2021-12-07,2021-12-07,2022-01-06,4GBL.L,0,3,19, £15.11 ,17.24,0.0228,1,0,0,0,0,0,0,0,0,0,0,39,0.2236842105263158,-0.12043010752688176,15.11,2.9444389791664403,-2.339774491020351,3.332204510175204
4GLOBAL_PLC,Pre-IPO,0.6430394320738546,10,2021-12-07,2021-12-07,2022-01-06,4GBL.L,0,3,19, £15.11 ,17.24,0.0228,1,0,0,0,0,0,0,0,0,0,0,39,0.2236842105263158,-0.12043010752688176,15.11,2.9444389791664403,0.2966133676661094,2.302585092994046
ABERFORTH_GEARED_VALUE_INCOME_TRUST_PLC,Post-IPO,0.9966280186030185,67,2024-07-01,2024-07-01,2024-07-31,AGVI.L,0,1,1, £18.90 ,20.33,-0.0274,0,0,1,0,0,0,0,0,0,1,1,78,0.0,-0.14864864864864866,18.9,0.0,2.4286344448979182,4.204692619390966
ABERFORTH_GEARED_VALUE_INCOME_TRUST_PLC,Pre-IPO,1.0126161711282096,11,2024-07-01,2024-07-01,2024-07-31,AGVI.L,0,1,1, £18.90 ,20.33,-0.0274,0,0,1,0,0,0,0,0,0,1,1,78,0.0,-0.14864864864864866,18.9,0.0,2.525037664538869,2.3978952727983707
ACTIVEOPS_PLC,Post-IPO,0.6285828990259067,9,2021-03-29,2021-03-29,2021-04-28,AOM.L,1,2,40, £18.14 ,13.15,-0.0426,1,0,0,0,0,0,0,0,0,0,0,17,0.2,-0.08333333333333333,18.14,3.6888794541139363,0.2094453019079094,2.1972245773362196
ACTIVEOPS_PLC,Pre-IPO,0.604476293547722,7,2021-03-29,2021-03-29,2021-04-28,AOM.L,1,2,40, £18.14 ,13.15,-0.0426,1,0,0,0,0,0,0,0,0,0,0,17,0.2,-0.08333333333333333,18.14,3.6888794541139363,0.06409052254553205,1.9459101490553132
AIR_ASTANA_JOINT_STOCK_COMPANY,Post-IPO,0.5107777787483956,230,2024-02-09,2024-02-09,2024-03-10,AIRAq.L,0,1,23, £14.11 ,14.24,0.0385,0,0,0,0,0,0,1,0,0,1,1,358,0.125,-0.0666666666666667,14.11,3.1354942159291497,-0.5008802261384157,5.438079308923196
AIR_ASTANA_JOINT_STOCK_COMPANY,Pre-IPO,0.2427561495455776,128,2024-02-09,2024-02-09,2024-03-10,AIRAq.L,0,1,23, £14.11 ,14.24,0.0385,0,0,0,0,0,0,1,0,0,1,1,358,0.125,-0.0666666666666667,14.11,3.1354942159291497,-2.11696113028628,4.852030263919617
ALKEMY_CAPITAL_INVESTMENTS_PLC,Post-IPO,0.4230198379956386,15,2021-09-27,2021-09-27,2021-10-27,ALKALK.L,0,3,18, £11.00 ,16.1,0.0006,0,0,0,0,1,0,0,0,0,1,0,27,0.015,-0.059113300492610835,11.0,2.8903717578961645,-1.0300312974892614,2.70805020110221
ALKEMY_CAPITAL_INVESTMENTS_PLC,Pre-IPO,0.26314383139512926,12,2021-09-27,2021-09-27,2021-10-27,ALKALK.L,0,3,18, £11.00 ,16.1,0.0006,0,0,0,0,1,0,0,0,0,1,0,27,0.015,-0.059113300492610835,11.0,2.8903717578961645,-1.9940302182740635,2.4849066497880004
ALPHAWAVE_IP_GROUP_PLC,Post-IPO,0.5758642765994755,31,2021-05-13,2021-05-13,2021-06-12,AWE.L,0,1,18, £20.57 ,14.94,0.013,1,0,0,0,0,0,0,0,1,1,1,100,0.08333333333333333,0.030769230769230795,20.57,2.8903717578961645,-0.10843038316176801,3.4339872044851463
ALPHAWAVE_IP_GROUP_PLC,Pre-IPO,0.6587395292654378,48,2021-05-13,2021-05-13,2021-06-12,AWE.L,0,1,18, £20.57 ,14.94,0.013,1,0,0,0,0,0,0,0,1,1,1,100,0.08333333333333333,0.030769230769230795,20.57,2.8903717578961645,0.39127970985666083,3.871201010907891
ALTONA_RARE_EARTHS_PLC,Post-IPO,0.6358956368376658,6,2023-06-09,2023-06-09,2023-07-09,REEA.L,0,3,18, £14.59 ,12.39,0.0536,0,0,0,0,1,0,0,0,0,1,0,11,0.0375,0.8795180722891566,14.59,2.8903717578961645,0.2535386684387166,1.791759469228055
ALTONA_RARE_EARTHS_PLC,Pre-IPO,0.6013511904761905,5,2023-06-09,2023-06-09,2023-07-09,REEA.L,0,3,18, £14.59 ,12.39,0.0536,0,0,0,0,1,0,0,0,0,1,0,11,0.0375,0.8795180722891566,14.59,2.8903717578961645,0.04524719481702902,1.6094379124341003
AMICORP_FS_PLC,Post-IPO,0.6624437400081834,2,2023-06-08,2023-06-08,2023-07-08,AMIF.L,0,3,28, £11.99 ,12.46,0.0085,0,0,1,0,0,0,0,0,0,1,1,13,0.1744186046511628,0.8415841584158416,11.99,3.332204510175204,0.4136148634190646,0.6931471805599453
AMICORP_FS_PLC,Pre-IPO,0.664826568081645,11,2023-06-08,2023-06-08,2023-07-08,AMIF.L,0,3,28, £11.99 ,12.46,0.0085,0,0,1,0,0,0,0,0,0,1,1,13,0.1744186046511628,0.8415841584158416,11.99,3.332204510175204,0.4279825208310516,2.3978952727983707
AOTI_INC,Post-IPO,0.5928300362430059,41,2024-06-18,2024-06-18,2024-07-18,AOTI.L,0,2,18, £17.37 ,19.72,0.0208,0,1,0,0,0,0,0,0,0,1,0,83,0.6,-0.38749999999999996,17.37,2.8903717578961645,-0.006132519120638192,3.713572066704308
AOTI_INC,Pre-IPO,0.45940236422003733,42,2024-06-18,2024-06-18,2024-07-18,AOTI.L,0,2,18, £17.37 ,19.72,0.0208,0,1,0,0,0,0,0,0,0,1,0,83,0.6,-0.38749999999999996,17.37,2.8903717578961645,-0.8106568162177643,3.7376696182833684
APTAMER_GROUP_PLC,Post-IPO,0.45280492746647266,13,2021-12-22,2021-12-22,2022-01-21,APTA.L,1,2,13, £16.19 ,12.94,-0.0467,0,1,0,0,0,0,0,0,1,1,0,22,0.5,0.0,16.19,2.5649493574615367,-0.8504371562801365,2.5649493574615367
APTAMER_GROUP_PLC,Pre-IPO,0.4128404239237572,9,2021-12-22,2021-12-22,2022-01-21,APTA.L,1,2,13, £16.19 ,12.94,-0.0467,0,1,0,0,0,0,0,0,1,1,0,22,0.5,0.0,16.19,2.5649493574615367,-1.0914097643910234,2.1972245773362196
AQUILA_ENERGY_EFFICIENCY_TRUST_PLC,Post-IPO,0.8231652381514714,3,2021-06-02,2021-06-02,2021-07-02,AEET.L,0,2,1, £18.05 ,10.16,-0.006,0,0,1,0,0,0,0,0,0,0,0,12,0.0,0.0,18.05,0.0,1.3827118158103724,1.0986122886681098
AQUILA_ENERGY_EFFICIENCY_TRUST_PLC,Pre-IPO,0.8311868862024537,7,2021-06-02,2021-06-02,2021-07-02,AEET.L,0,2,1, £18.05 ,10.16,-0.006,0,0,1,0,0,0,0,0,0,0,0,12,0.0,0.0,18.05,0.0,1.431079674305769,1.9459101490553132
ARECOR_THERAPEUTICS_PLC,Post-IPO,0.55481826623219,12,2021-06-03,2021-06-03,2021-07-03,AREC.L,1,3,14, £15.94 ,13.92,-0.0205,0,1,0,0,0,0,0,0,1,1,1,18,0.1,0.0,15.94,2.6390573296152584,-0.2353307962524233,2.4849066497880004
ARECOR_THERAPEUTICS_PLC,Pre-IPO,0.5440403293125091,6,2021-06-03,2021-06-03,2021-07-03,AREC.L,1,3,14, £15.94 ,13.92,-0.0205,0,1,0,0,0,0,0,0,1,1,1,18,0.1,0.0,15.94,2.6390573296152584,-0.3003181560181753,1.791759469228055
ARROW_EXPLORATION_CORP,Post-IPO,0.6948889042740711,26,2021-10-25,2021-10-25,2021-11-24,AXLA.L,0,2,10, £11.74 ,15.6,0.0326,0,0,0,1,0,0,0,0,0,1,1,35,0.03333333333333333,0.021505376344086023,11.74,2.302585092994046,0.6092483671702258,3.258096538021482
ARROW_EXPLORATION_CORP,Pre-IPO,0.8799205979625315,9,2021-10-25,2021-10-25,2021-11-24,AXLA.L,0,2,10, £11.74 ,15.6,0.0326,0,0,0,1,0,0,0,0,0,1,1,35,0.03333333333333333,0.021505376344086023,11.74,2.302585092994046,1.724927679028217,2.1972245773362196
ARTEMIS_RESOURCES_LIMITED,Post-IPO,0.6609463415454698,18,2022-02-07,2022-02-07,2022-03-09,ARV.L,0,3,15, £16.03 ,20.25,-0.077,0,0,0,0,1,0,0,0,0,0,0,55,0.0594059405940594,-0.09345794392523364,16.03,2.70805020110221,0.40458605082401633,2.8903717578961645
ARTEMIS_RESOURCES_LIMITED,Pre-IPO,0.5194071803349424,37,2022-02-07,2022-02-07,2022-03-09,ARV.L,0,3,15, £16.03 ,20.25,-0.077,0,0,0,0,1,0,0,0,0,0,0,55,0.0594059405940594,-0.09345794392523364,16.03,2.70805020110221,-0.4488478168148814,3.6109179126442243
ASHINGTON_INNOVATION_PLC,Post-IPO,0.6354161514597301,14,2023-06-06,2023-06-06,2023-07-06,ASHI.L,0,3,16, £13.60 ,18.52,0.024,0,0,1,0,0,0,0,0,1,1,0,19,0.013888888888888888,-0.010958904109589041,13.6,2.772588722239781,0.2506475317591701,2.6390573296152584
ASHINGTON_INNOVATION_PLC,Pre-IPO,0.7377199913703674,5,2023-06-06,2023-06-06,2023-07-06,ASHI.L,0,3,16, £13.60 ,18.52,0.024,0,0,1,0,0,0,0,0,1,1,0,19,0.013888888888888888,-0.010958904109589041,13.6,2.772588722239781,0.8675055166625868,1.6094379124341003
ASHOKA_WHITEOAK_EMERGING_MARKETS_TRUST_PLC,Post-IPO,0.87376364534752,6,2023-05-03,2023-05-03,2023-06-02,AWEM.L,0,3,1, £17.23 ,22.81,0.0544,0,0,1,0,0,0,0,0,0,0,0,21,0.075,-0.11627906976744186,17.23,0.0,1.6878033111984334,1.791759469228055
ASHOKA_WHITEOAK_EMERGING_MARKETS_TRUST_PLC,Pre-IPO,0.7523581752154408,15,2023-05-03,2023-05-03,2023-06-02,AWEM.L,0,3,1, £17.23 ,22.81,0.0544,0,0,1,0,0,0,0,0,0,0,0,21,0.075,-0.11627906976744186,17.23,0.0,0.9557688760555988,2.70805020110221
ASHTEAD_TECHNOLOGY_HOLDINGS_PLC,Post-IPO,0.5378014285607716,8,2021-11-23,2021-11-23,2021-12-23,ATAS.L,0,2,11, £17.76 ,18.61,0.0475,0,0,0,1,0,0,0,0,0,1,1,30,0.3,-0.019230769230769232,17.76,2.3978952727983707,-0.33793664374151877,2.0794415416798357
ASHTEAD_TECHNOLOGY_HOLDINGS_PLC,Pre-IPO,0.5231799498388691,22,2021-11-23,2021-11-23,2021-12-23,ATAS.L,0,2,11, £17.76 ,18.61,0.0475,0,0,0,1,0,0,0,0,0,1,1,30,0.3,-0.019230769230769232,17.76,2.3978952727983707,-0.4260992768213665,3.091042453358316
ATERIAN_PLC,Post-IPO,0.30684905747436264,72,2022-10-24,2022-10-24,2022-11-23,ATN.L,0,3,11, £16.86 ,16.24,-0.0241,0,0,0,0,1,0,0,0,1,1,0,127,0.17243620000000007,0.20338983050847442,16.86,2.3978952727983707,-1.7305023026793631,4.276666119016055
ATERIAN_PLC,Pre-IPO,0.33697539825914935,55,2022-10-24,2022-10-24,2022-11-23,ATN.L,0,3,11, £16.86 ,16.24,-0.0241,0,0,0,0,1,0,0,0,1,1,0,127,0.17243620000000007,0.20338983050847442,16.86,2.3978952727983707,-1.548850530025961,4.007333185232471
ATOME_PLC,Post-IPO,0.6234132156541786,14,2021-12-30,2021-12-30,2022-01-29,ATOMA.L,0,3,1, £15.36 ,20.36,0.0338,0,0,0,1,0,0,0,0,1,1,1,29,0.2869822485207101,0.09195402298850575,15.36,0.0,0.17827383786454165,2.6390573296152584
ATOME_PLC,Pre-IPO,0.7670129757387427,15,2021-12-30,2021-12-30,2022-01-29,ATOMA.L,0,3,1, £15.36 ,20.36,0.0338,0,0,0,1,0,0,0,0,1,1,1,29,0.2869822485207101,0.09195402298850575,15.36,0.0,1.0441324284683133,2.70805020110221
AUCTION_TECHNOLOGY_GROUP_PLC,Post-IPO,0.6338731276141718,17,2021-02-23,2021-02-23,2021-03-25,ATG.L,1,2,19, £19.42 ,17.16,0.0172,1,0,0,0,0,0,0,0,0,1,1,54,0.16477272727272727,-0.02195121951219512,19.42,2.9444389791664403,0.24134361334456889,2.833213344056216
AUCTION_TECHNOLOGY_GROUP_PLC,Pre-IPO,0.828802097470092,26,2021-02-23,2021-02-23,2021-03-25,ATG.L,1,2,19, £19.42 ,17.16,0.0172,1,0,0,0,0,0,0,0,0,1,1,54,0.16477272727272727,-0.02195121951219512,19.42,2.9444389791664403,1.4167001947754796,3.258096538021482
BALTIC_CLASSIFIEDS_GROUP_PLC,Post-IPO,0.6265515323898198,18,2021-06-30,2021-06-30,2021-07-30,BCG.L,0,1,51, £19.61 ,17.24,0.0228,1,0,0,0,0,0,0,0,0,1,1,32,-0.03409090909090909,0.023529411764705882,19.61,3.9318256327243257,0.19719683957422593,2.8903717578961645
BALTIC_CLASSIFIEDS_GROUP_PLC,Pre-IPO,0.5875330959820333,14,2021-06-30,2021-06-30,2021-07-30,BCG.L,0,1,51, £19.61 ,17.24,0.0228,1,0,0,0,0,0,0,0,0,1,1,32,-0.03409090909090909,0.023529411764705882,19.61,3.9318256327243257,-0.03807129970200713,2.6390573296152584
BAY_CAPITAL_PLC,Post-IPO,0.6698356930240988,11,2021-09-30,2021-09-30,2021-10-30,BAY.L,0,3,1, £15.20 ,14.72,-0.015,0,0,1,0,0,0,0,0,1,1,1,15,0.03879999999999995,0.005968425105891457,15.2,0.0,0.45818587117284315,2.3978952727983707
BAY_CAPITAL_PLC,Pre-IPO,0.8738863158899923,4,2021-09-30,2021-09-30,2021-10-30,BAY.L,0,3,1, £15.20 ,14.72,-0.015,0,0,1,0,0,0,0,0,1,1,1,15,0.03879999999999995,0.005968425105891457,15.2,0.0,1.6885429735972501,1.3862943611198906
BELLUSCURA_PLC,Post-IPO,0.6943123692038754,11,2021-05-28,2021-05-28,2021-06-27,BELLB.L,1,3,9, £16.68 ,13.01,0.0172,0,1,0,0,0,0,0,0,1,1,0,18,0.125,1.1333333333333333,16.68,2.1972245773362196,0.6057720532612099,2.3978952727983707
BELLUSCURA_PLC,Pre-IPO,0.627359707838216,5,2021-05-28,2021-05-28,2021-06-27,BELLB.L,1,3,9, £16.68 ,13.01,0.0172,0,1,0,0,0,0,0,0,1,1,0,18,0.125,1.1333333333333333,16.68,2.1972245773362196,0.2020698675952818,1.6094379124341003
BHP_GROUP_LIMITED,Post-IPO,0.5260388293824066,216,2022-01-31,2022-01-31,2022-03-02,BHPB.L,0,1,35, £21.25 ,13.92,-0.0114,0,0,0,0,1,0,0,0,0,0,0,444,0.20833333333333334,-0.07931034482758623,21.25,3.5553480614894135,-0.40886118804729277,5.375278407684165
BHP_GROUP_LIMITED,Pre-IPO,0.5594565789282376,228,2022-01-31,2022-01-31,2022-03-02,BHPB.L,0,1,35, £21.25 ,13.92,-0.0114,0,0,0,0,1,0,0,0,0,0,0,444,0.20833333333333334,-0.07931034482758623,21.25,3.5553480614894135,-0.2073633199041735,5.429345628954441
BIG_TECHNOLOGIES_PLC,Post-IPO,0.5973366534328162,12,2021-07-28,2021-07-28,2021-08-27,BIGB.L,0,2,16, £19.12 ,16.15,-0.0354,1,0,0,0,0,0,0,0,1,1,1,24,-0.3513513513513513,0.05555555555555548,19.12,2.772588722239781,0.02104087731165359,2.4849066497880004
BIG_TECHNOLOGIES_PLC,Pre-IPO,0.5241786972055793,10,2021-07-28,2021-07-28,2021-08-27,BIGB.L,0,2,16, £19.12 ,16.15,-0.0354,1,0,0,0,0,0,0,0,1,1,1,24,-0.3513513513513513,0.05555555555555548,19.12,2.772588722239781,-0.42007716378441085,2.302585092994046
BRADDA_HEAD_LITHIUM_LIMITED,Post-IPO,0.41629614545639826,13,2021-07-19,2021-07-19,2021-08-18,BHL.L,0,3,14, £15.67 ,14.61,0.0092,0,0,0,0,1,0,0,0,0,1,1,24,0.020833333333333332,0.0,15.67,2.6390573296152584,-1.0705729177694856,2.5649493574615367
BRADDA_HEAD_LITHIUM_LIMITED,Pre-IPO,0.6703971901942763,11,2021-07-19,2021-07-19,2021-08-18,BHL.L,0,3,14, £15.67 ,14.61,0.0092,0,0,0,0,1,0,0,0,0,1,1,24,0.020833333333333332,0.0,15.67,2.6390573296152584,0.46157151156744824,2.3978952727983707
BRIDGEPOINT_GROUP_PLC,Post-IPO,0.4772968761362763,68,2021-07-21,2021-07-21,2021-08-20,BPTB.L,1,1,24, £19.52 ,15.44,-0.0105,0,0,1,0,0,0,0,0,0,1,1,105,0.125,0.1111111111111111,19.52,3.1780538303479458,-0.7027588861779593,4.219507705176107
BRIDGEPOINT_GROUP_PLC,Pre-IPO,0.6021201241377901,37,2021-07-21,2021-07-21,2021-08-20,BPTB.L,1,1,24, £19.52 ,15.44,-0.0105,0,0,1,0,0,0,0,0,0,1,1,105,0.125,0.1111111111111111,19.52,3.1780538303479458,0.04988360797056376,3.6109179126442243
CAB_PAYMENTS_HOLDINGS_PLC,Post-IPO,0.48578666051446673,39,2023-07-06,2023-07-06,2023-08-05,CABP.L,1,1,8, £19.49 ,19.99,0.045,0,0,1,0,0,0,0,0,0,1,1,97,-0.09000000000000004,-0.01098901098901095,19.49,2.0794415416798357,-0.6515683219882907,3.6635616461296463
CAB_PAYMENTS_HOLDINGS_PLC,Pre-IPO,0.6444637957946417,57,2023-07-06,2023-07-06,2023-08-05,CABP.L,1,1,8, £19.49 ,19.99,0.045,0,0,1,0,0,0,0,0,0,1,1,97,-0.09000000000000004,-0.01098901098901095,19.49,2.0794415416798357,0.3052018051611416,4.04305126783455
CASTELNAU_GROUP_LIMITED,Post-IPO,0.5219022584055983,56,2021-10-18,2021-10-18,2021-11-17,CGL.L,0,2,1, £17.79 ,21.68,0.0291,0,0,1,0,0,0,0,0,0,1,1,97,0.16216216216216217,-0.13953488372093023,17.79,0.0,-0.43380332941161326,4.02535169073515
CASTELNAU_GROUP_LIMITED,Pre-IPO,0.36903735697213935,41,2021-10-18,2021-10-18,2021-11-17,CGL.L,0,2,1, £17.79 ,21.68,0.0291,0,0,1,0,0,0,0,0,0,1,1,97,0.16216216216216217,-0.13953488372093023,17.79,0.0,-1.3555276277670876,3.713572066704308
CELSIUS_RESOURCES_LIMITED,Post-IPO,0.3441909049304071,28,2023-01-30,2023-01-30,2023-03-01,CLAC.L,0,3,13, £11.33 ,14.44,-0.0095,0,0,0,0,1,0,0,0,0,0,1,66,0.4375,0.08695652173913043,11.33,2.5649493574615367,-1.5053434347969146,3.332204510175204
CELSIUS_RESOURCES_LIMITED,Pre-IPO,0.44948483112756255,38,2023-01-30,2023-01-30,2023-03-01,CLAC.L,0,3,13, £11.33 ,14.44,-0.0095,0,0,0,0,1,0,0,0,0,0,1,66,0.4375,0.08695652173913043,11.33,2.5649493574615367,-0.8704562282826563,3.6375861597263857
CEL_AI_PLC,Post-IPO,0.4181572760677702,31,2021-02-26,2021-02-26,2021-03-28,CLAI.L,0,3,2, £16.38 ,24.81,0.0365,0,0,0,0,0,0,1,0,1,0,0,98,0.11940298507462686,0.26666666666666666,16.38,0.6931471805599453,-1.0593509218055435,3.4339872044851463
CEL_AI_PLC,Pre-IPO,0.6568620533772201,45,2021-02-26,2021-02-26,2021-03-28,CLAI.L,0,3,2, £16.38 ,24.81,0.0365,0,0,0,0,0,0,1,0,1,0,0,98,0.11940298507462686,0.26666666666666666,16.38,0.6931471805599453,0.3799591573327056,3.8066624897703196
CHAPEL_DOWN_GROUP_PLC,Post-IPO,0.8158170443537319,21,2023-12-07,2023-12-07,2024-01-06,CDGP.L,0,3,21, £13.57 ,15.47,0.0318,0,0,0,0,0,0,1,0,0,0,0,33,0.04,0.014423076923076924,13.57,3.044522437723423,1.3384046615264986,3.044522437723423
CHAPEL_DOWN_GROUP_PLC,Pre-IPO,0.8158503108176447,12,2023-12-07,2023-12-07,2024-01-06,CDGP.L,0,3,21, £13.57 ,15.47,0.0318,0,0,0,0,0,0,1,0,0,0,0,33,0.04,0.014423076923076924,13.57,3.044522437723423,1.3386052471928043,2.4849066497880004
CK_INFRASTRUCTURE_HOLDINGS_LIMITED,Post-IPO,0.4958046991895612,214,2024-08-19,2024-08-19,2024-09-18,CKI.L,0,3,25, £19.46 ,15.17,0.0129,0,0,0,1,0,0,0,0,0,1,1,431,0.17777777777777778,0.04716981132075472,19.46,3.2188758248682006,-0.5911628948293369,5.365976015021851
CK_INFRASTRUCTURE_HOLDINGS_LIMITED,Pre-IPO,0.5743515413848672,217,2024-08-19,2024-08-19,2024-09-18,CKI.L,0,3,25, £19.46 ,15.17,0.0129,0,0,0,1,0,0,0,0,0,1,1,431,0.17777777777777778,0.04716981132075472,19.46,3.2188758248682006,-0.11755167124822492,5.37989735354046
CLEAN_POWER_HYDROGEN_PLC,Post-IPO,0.802635842329259,16,2022-02-16,2022-02-16,2022-03-18,CPH2.L,0,3,10, £16.86 ,17.04,0.0045,0,0,0,1,0,0,0,0,0,0,0,34,0.013333333333333334,0.1069078947368421,16.86,2.302585092994046,1.2589264158758602,2.772588722239781
CLEAN_POWER_HYDROGEN_PLC,Pre-IPO,0.7662248195938849,16,2022-02-16,2022-02-16,2022-03-18,CPH2.L,0,3,10, £16.86 ,17.04,0.0045,0,0,0,1,0,0,0,0,0,0,0,34,0.013333333333333334,0.1069078947368421,16.86,2.302585092994046,1.039380110161093,2.772588722239781
CLOUDBREAK_DISCOVERY_PLC,Post-IPO,0.6364325106266796,33,2021-06-03,2021-06-03,2021-07-03,CDL.L,0,3,6, £12.61 ,23.2,0.0388,0,0,0,1,0,0,0,0,1,1,0,36,0.08593896274105979,-0.04310344827586207,12.61,1.791759469228055,0.25677583806918003,3.4965075614664802
CLOUDBREAK_DISCOVERY_PLC,Pre-IPO,0.4830370370370371,3,2021-06-03,2021-06-03,2021-07-03,CDL.L,0,3,6, £12.61 ,23.2,0.0388,0,0,0,1,0,0,0,0,1,1,0,36,0.08593896274105979,-0.04310344827586207,12.61,1.791759469228055,-0.6681476331755535,1.0986122886681098
CMO_GROUP_PLC,Post-IPO,0.7478557940696893,14,2021-07-08,2021-07-08,2021-08-07,CMOC.L,0,2,14, £17.62 ,16.67,0.0066,0,0,0,0,0,0,1,0,0,0,0,31,0.07079646017699115,-0.01859504132231405,17.62,2.6390573296152584,0.9286210215541312,2.6390573296152584
CMO_GROUP_PLC,Pre-IPO,0.4242501671458695,14,2021-07-08,2021-07-08,2021-08-07,CMOC.L,0,2,14, £17.62 ,16.67,0.0066,0,0,0,0,0,0,1,0,0,0,0,31,0.07079646017699115,-0.01859504132231405,17.62,2.6390573296152584,-1.0226128236466145,2.6390573296152584
CORDIANT_DIGITAL_INFRASTRUCTURE_LIMITED,Post-IPO,0.7439108842263795,25,2021-02-16,2021-02-16,2021-03-18,CORD.L,0,2,17, £19.73 ,14.87,0.0419,0,0,1,0,0,0,0,0,0,0,0,44,3.225,-0.1242603550295858,19.73,2.833213344056216,0.9048345328094728,3.2188758248682006
CORDIANT_DIGITAL_INFRASTRUCTURE_LIMITED,Pre-IPO,0.6268400430405731,18,2021-02-16,2021-02-16,2021-03-18,CORD.L,0,2,17, £19.73 ,14.87,0.0419,0,0,1,0,0,0,0,0,0,0,0,44,3.225,-0.1242603550295858,19.73,2.833213344056216,0.19893646243493493,2.8903717578961645
CORNISH_METALS_INC,Post-IPO,0.6072559225995953,39,2021-02-16,2021-02-16,2021-03-18,CUSN.L,0,3,25, £12.84 ,15.02,-0.0132,0,0,0,0,1,0,0,0,0,1,1,70,0.09090909090909079,-0.33333333333333326,12.84,3.2188758248682006,0.08085075732474716,3.6635616461296463
CORNISH_METALS_INC,Pre-IPO,0.658336462129954,30,2021-02-16,2021-02-16,2021-03-18,CUSN.L,0,3,25, £12.84 ,15.02,-0.0132,0,0,0,0,1,0,0,0,0,1,1,70,0.09090909090909079,-0.33333333333333326,12.84,3.2188758248682006,0.3888493496552012,3.4011973816621555
CRITICAL_MINERAL_RESOURCES_PLC,Post-IPO,0.5170876555753267,14,2021-03-19,2021-03-19,2021-04-18,CMRS.L,0,3,4, £14.56 ,13.17,-0.0485,0,0,0,0,1,0,0,0,0,1,0,15,0.3333333333333333,0.125,14.56,1.3862943611198906,-0.462833776387855,2.6390573296152584
CRITICAL_MINERAL_RESOURCES_PLC,Pre-IPO,0.8933333333333333,1,2021-03-19,2021-03-19,2021-04-18,CMRS.L,0,3,4, £14.56 ,13.17,-0.0485,0,0,0,0,1,0,0,0,0,1,0,15,0.3333333333333333,0.125,14.56,1.3862943611198906,1.805801993424458,0.0
CT_AUTOMOTIVE_GROUP_PLC,Post-IPO,0.38954265975223346,10,2021-12-23,2021-12-23,2022-01-22,CTA.L,0,2,5, £17.33 ,14.56,0.011,0,0,0,0,0,0,1,0,1,1,0,23,0.0703125,0.22627737226277372,17.33,1.6094379124341003,-1.2318875008294077,2.302585092994046
CT_AUTOMOTIVE_GROUP_PLC,Pre-IPO,0.2732061855460406,12,2021-12-23,2021-12-23,2022-01-22,CTA.L,0,2,5, £17.33 ,14.56,0.011,0,0,0,0,0,0,1,0,1,1,0,23,0.0703125,0.22627737226277372,17.33,1.6094379124341003,-1.9333575835974222,2.4849066497880004
DAR_GLOBAL_PLC,Post-IPO,0.7665160592982376,5,2023-02-28,2023-02-28,2023-03-30,DARD.L,0,3,6, £18.09 ,15.17,0.0129,0,0,0,0,0,0,0,1,0,1,1,16,0.625,0.13076923076923078,18.09,1.791759469228055,1.0411361883034955,1.6094379124341003
DAR_GLOBAL_PLC,Pre-IPO,0.9034349446849447,11,2023-02-28,2023-02-28,2023-03-30,DARD.L,0,3,6, £18.09 ,15.17,0.0129,0,0,0,0,0,0,0,1,0,1,1,16,0.625,0.13076923076923078,18.09,1.791759469228055,1.86671133590931,2.3978952727983707
DELIVEROO_PLC,Post-IPO,0.3988179551826697,400,2021-03-31,2021-03-31,2021-04-30,ROO.L,1,1,9, £21.13 ,13.8,-0.0346,1,0,0,0,0,0,0,0,1,1,1,920,0.1,-0.07272727272727272,21.13,2.1972245773362196,-1.1759605673575013,5.991464547107982
DELIVEROO_PLC,Pre-IPO,0.499079815230519,425,2021-03-31,2021-03-31,2021-04-30,ROO.L,1,1,9, £21.13 ,13.8,-0.0346,1,0,0,0,0,0,0,0,1,1,1,920,0.1,-0.07272727272727272,21.13,2.1972245773362196,-0.5714150389999293,6.052089168924417
DEVOLVER_DIGITAL_INC,Post-IPO,0.6305340737478509,18,2021-11-04,2021-11-04,2021-12-04,DEVO.L,0,2,29, £19.07 ,17.04,0.0045,0,0,0,0,0,0,1,0,1,1,1,41,0.14835164835164835,0.028708133971291867,19.07,3.367295829986474,0.22121023378362697,2.8903717578961645
DEVOLVER_DIGITAL_INC,Pre-IPO,0.39163258555039526,12,2021-11-04,2021-11-04,2021-12-04,DEVO.L,0,2,29, £19.07 ,17.04,0.0045,0,0,0,0,0,0,1,0,1,1,1,41,0.14835164835164835,0.028708133971291867,19.07,3.367295829986474,-1.2192859463073304,2.4849066497880004
DIANOMI_PLC,Post-IPO,0.6143380606602584,13,2021-05-24,2021-05-24,2021-06-23,DNM.L,0,3,18, £17.43 ,20.98,0.0291,0,0,0,0,0,0,1,0,1,1,0,21,0.005681818181818182,-0.011299435028248588,17.43,2.8903717578961645,0.12355368437738286,2.5649493574615367
DIANOMI_PLC,Pre-IPO,0.6516010871414241,5,2021-05-24,2021-05-24,2021-06-23,DNM.L,0,3,18, £17.43 ,20.98,0.0291,0,0,0,0,0,0,1,0,1,1,0,21,0.005681818181818182,-0.011299435028248588,17.43,2.8903717578961645,0.3482372881077299,1.6094379124341003
DIGITAL_9_INFRASTRUCTURE_PLC,Post-IPO,0.7124721285357851,24,2021-03-31,2021-03-31,2021-04-30,DGI9.L,0,1,12, £19.40 ,15.33,-0.021,0,0,1,0,0,0,0,0,0,0,0,59,0.0002500000000000568,0.02474381404648832,19.4,2.4849066497880004,0.715269336624159,3.1780538303479458
DIGITAL_9_INFRASTRUCTURE_PLC,Pre-IPO,0.44311508598952676,34,2021-03-31,2021-03-31,2021-04-30,DGI9.L,0,1,12, £19.40 ,15.33,-0.021,0,0,1,0,0,0,0,0,0,0,0,59,0.0002500000000000568,0.02474381404648832,19.4,2.4849066497880004,-0.9088636639530014,3.5263605246161616
DR_MARTENS_PLC,Post-IPO,0.590749342980763,245,2021-01-29,2021-01-29,2021-02-28,DOCS.L,0,1,61, £20.58 ,14.1,-0.0161,0,0,0,0,0,0,1,0,0,1,0,642,0.09,0.30275229357798167,20.58,4.110873864173311,-0.01867840453481635,5.501258210544727
DR_MARTENS_PLC,Pre-IPO,0.5381898083756566,281,2021-01-29,2021-01-29,2021-02-28,DOCS.L,0,1,61, £20.58 ,14.1,-0.0161,0,0,0,0,0,0,1,0,0,1,0,642,0.09,0.30275229357798167,20.58,4.110873864173311,-0.3355948431776655,5.638354669333745
EAST_STAR_RESOURCES_PLC,Post-IPO,0.6691899016241122,8,2021-05-04,2021-05-04,2021-06-03,EST.L,0,3,1, £13.88 ,13.9,0.0054,0,0,0,0,1,0,0,0,0,1,0,13,0.08843537414965986,0.03125,13.88,0.0,0.45429196472698835,2.0794415416798357
EAST_STAR_RESOURCES_PLC,Pre-IPO,0.4341576448243114,3,2021-05-04,2021-05-04,2021-06-03,EST.L,0,3,1, £13.88 ,13.9,0.0054,0,0,0,0,1,0,0,0,0,1,0,13,0.08843537414965986,0.03125,13.88,0.0,-0.9628740423698054,1.0986122886681098
ELECTRIC_GUITAR_PLC,Post-IPO,0.7086054505984624,6,2022-01-11,2022-01-11,2022-02-10,ELEG.L,0,3,1, £14.00 ,15.46,0.0029,0,0,0,0,0,0,1,0,0,1,0,12,0.03,-0.02912621359223301,14.0,0.0,0.6919545601429352,1.791759469228055
ELECTRIC_GUITAR_PLC,Pre-IPO,0.4188345193952084,6,2022-01-11,2022-01-11,2022-02-10,ELEG.L,0,3,1, £14.00 ,15.46,0.0029,0,0,0,0,0,0,1,0,0,1,0,12,0.03,-0.02912621359223301,14.0,0.0,-1.0552673707421845,1.791759469228055
ENERAQUA_TECHNOLOGIES_PLC,Post-IPO,1.1630848861283645,1,2021-11-22,2021-11-22,2021-12-22,ETP.L,0,3,1, £16.81 ,16.4,0.0577,0,0,0,0,0,1,0,0,1,1,0,10,0.11538461538461539,-0.15517241379310345,16.81,0.0,3.4323137590342343,0.0
ENERAQUA_TECHNOLOGIES_PLC,Pre-IPO,0.4680341994197383,9,2021-11-22,2021-11-22,2021-12-22,ETP.L,0,3,1, £16.81 ,16.4,0.0577,0,0,0,0,0,1,0,0,1,1,0,10,0.11538461538461539,-0.15517241379310345,16.81,0.0,-0.7586097330197438,2.1972245773362196
ENSILICA_PLC,Post-IPO,0.6065789473684212,3,2022-05-24,2022-05-24,2022-06-23,ENSI.L,0,3,21, £15.08 ,12.47,-0.0049,1,0,0,0,0,0,0,0,0,0,0,10,-0.29439252336448596,0.046357615894039736,15.08,3.044522437723423,0.07676882279231591,1.0986122886681098
ENSILICA_PLC,Pre-IPO,0.5763888888888888,2,2022-05-24,2022-05-24,2022-06-23,ENSI.L,0,3,21, £15.08 ,12.47,-0.0049,1,0,0,0,0,0,0,0,0,0,0,10,-0.29439252336448596,0.046357615894039736,15.08,3.044522437723423,-0.10526714627852131,0.6931471805599453
EUROPEAN_GREEN_TRANSITION_PLC,Post-IPO,0.4353792775376292,16,2024-04-08,2024-04-08,2024-05-08,EGT.L,0,3,1, £15.68 ,17.24,0.0228,0,0,0,0,1,0,0,0,0,0,0,31,0.08518518518518518,0.12286689419795221,15.68,0.0,-0.9555080051371118,2.772588722239781
EUROPEAN_GREEN_TRANSITION_PLC,Pre-IPO,0.5598017262112089,15,2024-04-08,2024-04-08,2024-05-08,EGT.L,0,3,1, £15.68 ,17.24,0.0228,0,0,0,0,1,0,0,0,0,0,0,31,0.08518518518518518,0.12286689419795221,15.68,0.0,-0.2052821970679775,2.70805020110221
FACILITIES_BY_ADF_PLC,Post-IPO,0.7837218498168499,10,2022-01-05,2022-01-05,2022-02-04,ADFF.L,0,3,28, £16.73 ,13.66,0.008,0,0,0,0,0,1,0,0,0,1,0,22,-0.02483153333333329,0.19521912350597606,16.73,3.332204510175204,1.144881358350411,2.302585092994046
FACILITIES_BY_ADF_PLC,Pre-IPO,0.5762626081347345,9,2022-01-05,2022-01-05,2022-02-04,ADFF.L,0,3,28, £16.73 ,13.66,0.008,0,0,0,0,0,1,0,0,0,1,0,22,-0.02483153333333329,0.19521912350597606,16.73,3.332204510175204,-0.10602857704796033,2.1972245773362196
FADEL_PARTNERS_INC,Post-IPO,0.7632683655299727,10,2023-04-06,2023-04-06,2023-05-06,FADL.L,1,3,31, £15.75 ,22.81,0.0544,1,0,0,0,0,0,0,0,1,1,0,16,0.045454545454545456,0.643478260869565,15.75,3.4339872044851463,1.0215536796193128,2.302585092994046
FADEL_PARTNERS_INC,Pre-IPO,0.6292594118508751,6,2023-04-06,2023-04-06,2023-05-06,FADL.L,1,3,31, £15.75 ,22.81,0.0544,1,0,0,0,0,0,0,0,1,1,0,16,0.045454545454545456,0.643478260869565,15.75,3.4339872044851463,0.21352444828536543,1.791759469228055
FAIRVIEW_INTERNATIONAL_PLC,Post-IPO,0.6344460227272727,4,2024-10-11,2024-10-11,2024-11-10,FILF.L,0,3,46, £14.79 ,14.0,-0.0279,0,0,0,0,0,0,1,0,0,1,0,13,0.004545454545454545,0.10407239819004525,14.79,3.828641396489095,0.24479797952805832,1.3862943611198906
FAIRVIEW_INTERNATIONAL_PLC,Pre-IPO,0.9155909985076652,9,2024-10-11,2024-10-11,2024-11-10,FILF.L,0,3,46, £14.79 ,14.0,-0.0279,0,0,0,0,0,0,1,0,0,1,0,13,0.004545454545454545,0.10407239819004525,14.79,3.828641396489095,1.9400082803056384,2.1972245773362196
FIRERING_STRATEGIC_MINERALS_PLC,Post-IPO,0.26371835331541915,5,2021-11-12,2021-11-12,2021-12-12,FRG.L,0,3,2, £15.12 ,33.54,0.0264,0,0,0,0,1,0,0,0,0,1,0,16,0.2,-0.22916666666666666,15.12,0.6931471805599453,-1.9905660429865824,1.6094379124341003
FIRERING_STRATEGIC_MINERALS_PLC,Pre-IPO,0.6635332288898467,11,2021-11-12,2021-11-12,2021-12-12,FRG.L,0,3,2, £15.12 ,33.54,0.0264,0,0,0,0,1,0,0,0,0,1,0,16,0.2,-0.22916666666666666,15.12,0.6931471805599453,0.42018411748327694,2.3978952727983707
FIRST_CLASS_METALS_PLC,Post-IPO,0.43160184379615185,5,2022-07-29,2022-07-29,2022-08-28,FCMF.L,0,3,1, £13.38 ,15.9,0.0319,0,0,0,0,1,0,0,0,0,1,1,10,0.06353591160220995,-0.025974025974025976,13.38,0.0,-0.9782846689251891,1.6094379124341003
FIRST_TIN_PLC,Post-IPO,0.43834662676315006,14,2022-04-08,2022-04-08,2022-05-08,1SN.L,0,3,10, £16.02 ,16.42,-0.0411,0,0,0,0,1,0,0,0,0,1,0,26,0.0,-0.2133333333333333,16.02,2.302585092994046,-0.9376158804098442,2.6390573296152584
FIRST_TIN_PLC,Pre-IPO,0.48980451240877926,12,2022-04-08,2022-04-08,2022-05-08,1SN.L,0,3,10, £16.02 ,16.42,-0.0411,0,0,0,0,1,0,0,0,0,1,0,26,0.0,-0.2133333333333333,16.02,2.302585092994046,-0.6273420170389269,2.4849066497880004
FORESIGHT_GROUP_HOLDINGS_LIMITED,Post-IPO,0.6570072164440417,74,2021-02-04,2021-02-04,2021-03-06,FSGF.L,0,3,22, £14.24 ,18.09,0.0174,0,0,1,0,0,0,0,0,0,0,0,153,29.0,1.5,14.24,3.091042453358316,0.38083444214078477,4.30406509320417
FORESIGHT_GROUP_HOLDINGS_LIMITED,Pre-IPO,0.6409592672292889,73,2021-02-04,2021-02-04,2021-03-06,FSGF.L,0,3,22, £14.24 ,18.09,0.0174,0,0,1,0,0,0,0,0,0,0,0,153,29.0,1.5,14.24,3.091042453358316,0.28407066843403167,4.290459441148391
FUEL_VENTURES_VCT_PLC,Post-IPO,0.47829056061121794,10,2024-03-22,2024-03-22,2024-04-21,FVV.L,0,3,11, £16.12 ,15.25,0.0234,0,0,1,0,0,0,0,0,0,0,0,13,0.06182795698924731,0.05822784810126582,16.12,2.3978952727983707,-0.6967673006873488,2.302585092994046
FUEL_VENTURES_VCT_PLC,Pre-IPO,0.2170261437908497,3,2024-03-22,2024-03-22,2024-04-21,FVV.L,0,3,11, £16.12 ,15.25,0.0234,0,0,1,0,0,0,0,0,0,0,0,13,0.06182795698924731,0.05822784810126582,16.12,2.3978952727983707,-2.2721044710961533,1.0986122886681098
FUTURE_METALS_NL,Post-IPO,0.5635119773340534,30,2021-10-21,2021-10-21,2021-11-20,FMEF.L,0,3,14, £12.32 ,15.94,0.0058,0,0,0,0,1,0,0,0,0,0,0,70,0.049107142857142856,-0.04680851063829787,12.32,2.6390573296152584,-0.18291062203108066,3.4011973816621555
FUTURE_METALS_NL,Pre-IPO,0.5461117069513219,40,2021-10-21,2021-10-21,2021-11-20,FMEF.L,0,3,14, £12.32 ,15.94,0.0058,0,0,0,0,1,0,0,0,0,0,0,70,0.049107142857142856,-0.04680851063829787,12.32,2.6390573296152584,-0.28782844070183733,3.6888794541139363
GELION_PLC,Post-IPO,0.9973864216701174,5,2021-11-30,2021-11-30,2021-12-30,GELN.L,0,3,1, £16.76 ,18.64,0.0422,0,0,0,0,0,1,0,0,1,0,0,16,-0.07222656250000004,-0.09523809523809526,16.76,0.0,2.43320736208386,1.6094379124341003
GELION_PLC,Pre-IPO,0.6247645690624632,11,2021-11-30,2021-11-30,2021-12-30,GELN.L,0,3,1, £16.76 ,18.64,0.0422,0,0,0,0,0,1,0,0,1,0,0,16,-0.07222656250000004,-0.09523809523809526,16.76,0.0,0.18642204756082445,2.3978952727983707
GENFLOW_BIOSCIENCES_PLC,Post-IPO,0.8554466165895868,12,2022-01-17,2022-01-17,2022-02-16,GENF.L,0,3,2, £15.14 ,14.64,-0.0083,0,1,0,0,0,0,0,0,1,1,0,17,0.0,-0.08125,15.14,0.6931471805599453,1.5773577457249734,2.4849066497880004
GENFLOW_BIOSCIENCES_PLC,Pre-IPO,0.4181503312950682,5,2022-01-17,2022-01-17,2022-02-16,GENF.L,0,3,2, £15.14 ,14.64,-0.0083,0,1,0,0,0,0,0,0,1,1,0,17,0.0,-0.08125,15.14,0.6931471805599453,-1.059392796465364,1.6094379124341003
GENINCODE_PLC,Post-IPO,0.519376395132317,8,2021-07-22,2021-07-22,2021-08-21,GENIG.L,1,2,3, £16.45 ,18.93,0.0448,0,1,0,0,0,0,0,0,1,0,0,16,0.14285714285714285,-0.0325,16.45,1.0986122886681098,-0.4490334413043717,2.0794415416798357
GENINCODE_PLC,Pre-IPO,0.6127219180125931,8,2021-07-22,2021-07-22,2021-08-21,GENIG.L,1,2,3, £16.45 ,18.93,0.0448,0,1,0,0,0,0,0,0,1,0,0,16,0.14285714285714285,-0.0325,16.45,1.0986122886681098,0.11380888400795285,2.0794415416798357
GRAFT_POLYMER_PLC,Post-IPO,0.30768547007649477,4,2022-01-06,2022-01-06,2022-02-05,SVNS.L,0,3,3, £15.35 ,17.08,0.0346,0,1,0,0,0,0,0,0,0,0,0,96,0.0125,-0.14814814814814814,15.35,1.0986122886681098,-1.7254590140525654,1.3862943611198906
GRAFT_POLYMER_PLC,Pre-IPO,0.25943786001995156,92,2022-01-06,2022-01-06,2022-02-05,SVNS.L,0,3,3, £15.35 ,17.08,0.0346,0,1,0,0,0,0,0,0,0,0,0,96,0.0125,-0.14814814814814814,15.35,1.0986122886681098,-2.0163759878619767,4.5217885770490405
GREAT_SOUTHERN_COPPER_PLC,Post-IPO,0.8883397435376393,17,2021-12-20,2021-12-20,2022-01-19,GSCUG.L,0,3,1, £14.98 ,17.2,0.012,0,0,0,0,1,0,0,0,1,1,0,17,0.0,0.015432098765432098,14.98,0.0,1.7756923148288477,2.833213344056216
GREENROC_STRATEGIC_MATERIALS_PLC,Post-IPO,0.8489583333333333,2,2021-09-28,2021-09-28,2021-10-28,GROC.L,0,3,1, £15.41 ,16.23,0.009,0,0,0,0,1,0,0,0,1,0,0,16,0.3860759493670886,0.9127853881278539,15.41,0.0,1.5382355647938257,0.6931471805599453
GREENROC_STRATEGIC_MATERIALS_PLC,Pre-IPO,0.5092401355717746,13,2021-09-28,2021-09-28,2021-10-28,GROC.L,0,3,1, £15.41 ,16.23,0.009,0,0,0,0,1,0,0,0,1,0,0,16,0.3860759493670886,0.9127853881278539,15.41,0.0,-0.5101517009164829,2.5649493574615367
GUARANTY_TRUST_HOLDING_COMPANY_PLC,Post-IPO,0.5734462880772223,83,2021-07-01,2021-07-01,2021-07-31,GTCOq.L,0,3,31, £18.73 ,22.26,0.0229,0,0,1,0,0,0,0,0,0,0,0,165,-0.0018129600000000323,0.009900990099009896,18.73,3.4339872044851463,-0.12301004633628382,4.418840607796598
GUARANTY_TRUST_HOLDING_COMPANY_PLC,Pre-IPO,0.6066966627606392,82,2021-07-01,2021-07-01,2021-07-31,GTCOq.L,0,3,31, £18.73 ,22.26,0.0229,0,0,1,0,0,0,0,0,0,0,0,165,-0.0018129600000000323,0.009900990099009896,18.73,3.4339872044851463,0.07747860729013245,4.406719247264253
HALEON_PLC,Post-IPO,0.43410400603361693,183,2022-07-18,2022-07-18,2022-08-17,HLN.L,0,1,3, £20.49 ,17.16,0.0172,0,1,0,0,0,0,0,0,0,1,1,206,0.16666666666666666,0.36688311688311687,20.49,1.0986122886681098,-0.9631974663621927,5.209486152841421
HALEON_PLC,Pre-IPO,0.6720992536624787,23,2022-07-18,2022-07-18,2022-08-17,HLN.L,0,1,3, £20.49 ,17.16,0.0172,0,1,0,0,0,0,0,0,0,1,1,206,0.16666666666666666,0.36688311688311687,20.49,1.0986122886681098,0.4718343857869315,3.1354942159291497
HAMAK_GOLD_LIMITED,Post-IPO,0.5961541867197532,24,2022-03-01,2022-03-01,2022-03-31,HAMA.L,0,3,1, £13.77 ,18.41,-0.022,0,0,0,0,1,0,0,0,1,1,0,24,0.0,0.0,13.77,0.0,0.013910997978946743,3.1780538303479458
HARMONY_ENERGY_INCOME_TRUST_PLC,Post-IPO,1.242222222222222,2,2021-11-09,2021-11-09,2021-12-09,HEIT.L,0,2,1, £19.02 ,24.73,0.0139,0,0,1,0,0,0,0,0,0,0,0,23,0.10000000000000009,-0.06818181818181834,19.02,0.0,3.909485463597061,0.6931471805599453
HARMONY_ENERGY_INCOME_TRUST_PLC,Pre-IPO,0.7187880023706776,20,2021-11-09,2021-11-09,2021-12-09,HEIT.L,0,2,1, £19.02 ,24.73,0.0139,0,0,1,0,0,0,0,0,0,0,0,23,0.10000000000000009,-0.06818181818181834,19.02,0.0,0.7533519463297105,2.995732273553991
HELIX_EXPLORATION_PLC,Post-IPO,0.6526530640223348,12,2024-04-09,2024-04-09,2024-05-09,HEXH.L,0,3,1, £15.45 ,12.39,0.0487,0,0,0,0,1,0,0,0,1,0,0,12,0.125,0.32222222222222224,15.45,0.0,0.35458035733651366,2.4849066497880004
HERCULES_SITE_SERVICES_PLC,Post-IPO,0.7213353083060555,11,2022-02-04,2022-02-04,2022-03-06,HERC.L,0,3,14, £15.83 ,10.9,0.025,0,0,0,0,0,1,0,0,0,1,0,14,0.0,0.32727272727272727,15.83,2.6390573296152584,0.7687113503130044,2.3978952727983707
HERCULES_SITE_SERVICES_PLC,Pre-IPO,0.7174748617395678,3,2022-02-04,2022-02-04,2022-03-06,HERC.L,0,3,14, £15.83 ,10.9,0.025,0,0,0,0,0,1,0,0,0,1,0,14,0.0,0.32727272727272727,15.83,2.6390573296152584,0.745434146916621,1.0986122886681098
HYDROGENONE_CAPITAL_GROWTH_PLC,Post-IPO,0.5489765314170459,5,2021-07-30,2021-07-30,2021-08-29,HGEN.L,1,3,11, £18.49 ,20.33,-0.0274,0,0,1,0,0,0,0,0,1,0,1,29,0.36666666666666664,0.12845528455284563,18.49,2.3978952727983707,-0.2705545060325995,1.6094379124341003
HYDROGENONE_CAPITAL_GROWTH_PLC,Pre-IPO,0.7222721339039236,22,2021-07-30,2021-07-30,2021-08-29,HGEN.L,1,3,11, £18.49 ,20.33,-0.0274,0,0,1,0,0,0,0,0,1,0,1,29,0.36666666666666664,0.12845528455284563,18.49,2.3978952727983707,0.7743600957658795,3.091042453358316
HYDROGEN_UTOPIA_INTERNATIONAL_PLC,Post-IPO,0.6833052528335035,18,2022-12-21,2022-12-21,2023-01-20,HUI.L,0,3,15, £14.72 ,21.19,0.0029,0,0,0,1,0,0,0,0,1,0,0,23,1.8601694915254237,0.037037037037037035,14.72,2.70805020110221,0.5394028179543441,2.8903717578961645
HYDROGEN_UTOPIA_INTERNATIONAL_PLC,Pre-IPO,0.5829315276222471,5,2022-12-21,2022-12-21,2023-01-20,HUI.L,0,3,15, £14.72 ,21.19,0.0029,0,0,0,1,0,0,0,0,1,0,0,23,1.8601694915254237,0.037037037037037035,14.72,2.70805020110221,-0.0658172199753076,1.6094379124341003
ITHACA_ENERGY_PLC,Post-IPO,0.5848041751914589,117,2022-11-09,2022-11-09,2022-12-09,ITH.L,0,1,43, £17.10 ,13.43,0.0084,0,0,0,1,0,0,0,0,0,0,0,241,0.18,0.0847457627118644,17.1,3.7612001156935624,-0.054525780602285995,4.762173934797756
ITHACA_ENERGY_PLC,Pre-IPO,0.5195880244965235,96,2022-11-09,2022-11-09,2022-12-09,ITH.L,0,1,43, £17.10 ,13.43,0.0084,0,0,0,1,0,0,0,0,0,0,0,241,0.18,0.0847457627118644,17.1,3.7612001156935624,-0.4477573869229835,4.564348191467836
ITIM_GROUP_PLC,Post-IPO,0.5708392275876555,19,2021-06-28,2021-06-28,2021-07-28,ITIM.L,1,3,28, £15.89 ,16.67,0.0066,1,0,0,0,0,0,0,0,1,0,0,32,0.5,-0.3444444444444444,15.89,3.332204510175204,-0.13872975032315532,2.9444389791664403
ITIM_GROUP_PLC,Pre-IPO,0.7059576242341432,13,2021-06-28,2021-06-28,2021-07-28,ITIM.L,1,3,28, £15.89 ,16.67,0.0066,1,0,0,0,0,0,0,0,1,0,0,32,0.5,-0.3444444444444444,15.89,3.332204510175204,0.675989051547219,2.5649493574615367
JADESTONE_ENERGY_PLC,Post-IPO,0.6910315565180624,21,2021-04-26,2021-04-26,2021-05-26,JSE.L,1,2,37, £17.81 ,11.68,-0.0047,0,0,0,1,0,0,0,0,0,1,0,73,0.92,0.6354166666666666,17.81,3.6109179126442243,0.5859898485660197,3.044522437723423
JADESTONE_ENERGY_PLC,Pre-IPO,0.3540534366746942,49,2021-04-26,2021-04-26,2021-05-26,JSE.L,1,2,37, £17.81 ,11.68,-0.0047,0,0,0,1,0,0,0,0,0,1,0,73,0.92,0.6354166666666666,17.81,3.6109179126442243,-1.445875662490996,3.8918202981106265
KELSO_GROUP_HOLDINGS_PLC,Post-IPO,0.8660873553611406,52,2021-07-08,2021-07-08,2021-08-07,KLSO.L,0,2,3, £14.25 ,19.92,0.0136,0,0,0,0,0,0,1,0,0,0,0,93,0.04395604395604396,-0.12105263157894737,14.25,1.0986122886681098,1.6415178464820697,3.9512437185814275
KELSO_GROUP_HOLDINGS_PLC,Pre-IPO,0.5913019308620495,41,2021-07-08,2021-07-08,2021-08-07,KLSO.L,0,2,3, £14.25 ,19.92,0.0136,0,0,0,0,0,0,1,0,0,0,0,93,0.04395604395604396,-0.12105263157894737,14.25,1.0986122886681098,-0.015346484176497336,3.713572066704308
KISTOS_HOLDINGS_PLC,Post-IPO,0.4302268332458452,12,2022-12-22,2022-12-22,2023-01-21,KIST.L,0,3,2, £17.27 ,16.15,0.0092,0,0,0,1,0,0,0,0,1,0,0,18,0.055599999999999906,-0.029935581659719507,17.27,0.6931471805599453,-0.9865755232863156,2.4849066497880004
KISTOS_HOLDINGS_PLC,Pre-IPO,0.40415932218730233,6,2022-12-22,2022-12-22,2023-01-21,KIST.L,0,3,2, £17.27 ,16.15,0.0092,0,0,0,1,0,0,0,0,1,0,0,18,0.055599999999999906,-0.029935581659719507,17.27,0.6931471805599453,-1.1437539083505144,1.791759469228055
KITWAVE_GROUP_PLC,Post-IPO,1.0821230158730157,3,2021-05-24,2021-05-24,2021-06-23,KITW.L,1,2,22, £18.22 ,15.18,-0.0081,0,0,0,0,0,0,1,0,1,0,0,18,0.4444444444444444,-0.01538461538461533,18.22,3.091042453358316,2.944140722876933,1.0986122886681098
KITWAVE_GROUP_PLC,Pre-IPO,0.7208798362442497,7,2021-05-24,2021-05-24,2021-06-23,KITW.L,1,2,22, £18.22 ,15.18,-0.0081,0,0,0,0,0,0,1,0,1,0,0,18,0.4444444444444444,-0.01538461538461533,18.22,3.091042453358316,0.765965005909209,1.9459101490553132
LBG_MEDIA_PLC,Post-IPO,0.6797609311634762,16,2021-12-15,2021-12-15,2022-01-14,LBG.L,0,2,6, £18.53 ,13.71,-0.0244,0,0,0,0,0,0,1,0,1,1,0,29,0.17834394904458598,-0.02702702702702703,18.53,1.791759469228055,0.5180317420970516,2.772588722239781
LBG_MEDIA_PLC,Pre-IPO,0.3401039115646258,4,2021-12-15,2021-12-15,2022-01-14,LBG.L,0,2,6, £18.53 ,13.71,-0.0244,0,0,0,0,0,0,1,0,1,1,0,29,0.17834394904458598,-0.02702702702702703,18.53,1.791759469228055,-1.5299866397257975,1.3862943611198906
LENDINVEST_PLC,Post-IPO,0.5749389478930779,11,2021-07-14,2021-07-14,2021-08-13,LINV.L,1,2,9, £17.51 ,13.71,-0.0244,0,0,1,0,0,0,0,0,1,0,0,27,0.018604651162790697,-0.02054794520547945,17.51,2.1972245773362196,-0.11400980619906854,2.3978952727983707
LENDINVEST_PLC,Pre-IPO,0.727180903491811,14,2021-07-14,2021-07-14,2021-08-13,LINV.L,1,2,9, £17.51 ,13.71,-0.0244,0,0,1,0,0,0,0,0,1,0,0,27,0.018604651162790697,-0.02054794520547945,17.51,2.1972245773362196,0.8039583368385932,2.6390573296152584
LIFE_SCIENCE_REIT_PLC,Post-IPO,0.6732794421351469,10,2021-11-19,2021-11-19,2021-12-19,LABS.L,0,3,1, £19.67 ,15.25,0.0234,0,0,0,0,0,0,0,1,0,0,0,51,0.02,0.11029411764705882,19.67,0.0,0.4789505280909962,2.302585092994046
LIFE_SCIENCE_REIT_PLC,Pre-IPO,0.5821986375407485,40,2021-11-19,2021-11-19,2021-12-19,LABS.L,0,3,1, £19.67 ,15.25,0.0234,0,0,0,0,0,0,0,1,0,0,0,51,0.02,0.11029411764705882,19.67,0.0,-0.0702363023794853,3.6888794541139363
LIGHT_SCIENCE_TECHNOLOGIES_HOLDINGS_PLC,Post-IPO,0.6551775092650972,10,2021-10-15,2021-10-15,2021-11-14,LST.L,0,3,2, £15.46 ,20.36,0.0057,0,0,0,0,0,1,0,0,1,1,0,16,-0.01,0.010101010101010102,15.46,0.6931471805599453,0.36980191897886916,2.302585092994046
LIGHT_SCIENCE_TECHNOLOGIES_HOLDINGS_PLC,Pre-IPO,0.5946588693957114,3,2021-10-15,2021-10-15,2021-11-14,LST.L,0,3,2, £15.46 ,20.36,0.0057,0,0,0,0,0,1,0,0,1,1,0,16,-0.01,0.010101010101010102,15.46,0.6931471805599453,0.004894733954983701,1.0986122886681098
LIKEWISE_GROUP_PLC,Post-IPO,0.35085445707366886,7,2021-08-18,2021-08-18,2021-09-17,LIKE.L,0,2,51, £16.12 ,13.96,0.012,0,0,0,0,0,0,1,0,1,1,0,15,0.3,-0.2153846153846154,16.12,3.9318256327243257,-1.4651644410173867,1.9459101490553132
LIKEWISE_GROUP_PLC,Pre-IPO,0.7478689828345414,8,2021-08-18,2021-08-18,2021-09-17,LIKE.L,0,2,51, £16.12 ,13.96,0.012,0,0,0,0,0,0,1,0,1,1,0,15,0.3,-0.2153846153846154,16.12,3.9318256327243257,0.9287005454011066,2.0794415416798357
LUNGLIFE_AI_INC,Post-IPO,0.7247197043361252,5,2021-07-08,2021-07-08,2021-08-07,LLA.L,1,2,13, £12.04 ,15.46,-0.0061,0,1,0,0,0,0,0,0,0,1,0,15,0.0029411764705882353,-0.02932551319648094,12.04,2.5649493574615367,0.7891181279769466,1.6094379124341003
LUNGLIFE_AI_INC,Pre-IPO,0.4228874432218321,10,2021-07-08,2021-07-08,2021-08-07,LLA.L,1,2,13, £12.04 ,15.46,-0.0061,0,1,0,0,0,0,0,0,0,1,0,15,0.0029411764705882353,-0.02932551319648094,12.04,2.5649493574615367,-1.0308295937551037,2.302585092994046
MADE_TECH_GROUP_PLC,Post-IPO,0.5329764475162315,5,2021-09-30,2021-09-30,2021-10-30,MTECM.L,0,2,9, £18.26 ,16.93,-0.001,1,0,0,0,0,0,0,0,1,1,0,10,0.005,0.007462686567164179,18.26,2.1972245773362196,-0.36702966788344754,1.6094379124341003
MADE_TECH_GROUP_PLC,Pre-IPO,0.3891258617925284,5,2021-09-30,2021-09-30,2021-10-30,MTECM.L,0,2,9, £18.26 ,16.93,-0.001,1,0,0,0,0,0,0,0,1,1,0,10,0.005,0.007462686567164179,18.26,2.1972245773362196,-1.2344006533147895,1.6094379124341003
MARKS_ELECTRICAL_GROUP_PLC,Post-IPO,0.6557885016473503,10,2021-11-05,2021-11-05,2021-12-05,MRKM.L,0,3,34, £17.22 ,22.72,0.0089,0,0,0,0,0,0,1,0,1,0,0,24,0.3333333333333333,0.0125,17.22,3.5263605246161616,0.37348599897075574,2.302585092994046
MARKS_ELECTRICAL_GROUP_PLC,Pre-IPO,0.5977537797078336,12,2021-11-05,2021-11-05,2021-12-05,MRKM.L,0,3,34, £17.22 ,22.72,0.0089,0,0,0,0,0,0,1,0,1,0,0,24,0.3333333333333333,0.0125,17.22,3.5263605246161616,0.023556009428710854,2.4849066497880004
MAST_ENERGY_DEVELOPMENTS_PLC,Post-IPO,0.30894480098843097,26,2021-04-14,2021-04-14,2021-05-14,MASTM.L,1,3,1, £15.53 ,12.83,-0.028,0,0,0,1,0,0,0,0,1,1,0,44,-0.4782,0.08279034112686853,15.53,0.0,-1.7178656692735024,3.258096538021482
MAST_ENERGY_DEVELOPMENTS_PLC,Pre-IPO,0.39452815465778174,18,2021-04-14,2021-04-14,2021-05-14,MASTM.L,1,3,1, £15.53 ,12.83,-0.028,0,0,0,1,0,0,0,0,1,1,0,44,-0.4782,0.08279034112686853,15.53,0.0,-1.201826631717661,2.8903717578961645
METALS_ONE_PLC,Post-IPO,0.6040699541952098,33,2023-07-31,2023-07-31,2023-08-30,MET1.L,0,3,2, £14.60 ,18.37,-0.056,0,0,0,0,1,0,0,0,1,1,0,56,0.0,0.02666666666666669,14.6,0.6931471805599453,0.06164043196832015,3.4965075614664802
METALS_ONE_PLC,Pre-IPO,0.5591565544566649,23,2023-07-31,2023-07-31,2023-08-30,MET1.L,0,3,2, £14.60 ,18.37,-0.056,0,0,0,0,1,0,0,0,1,1,0,56,0.0,0.02666666666666669,14.6,0.6931471805599453,-0.20917236725877653,3.1354942159291497
METRO_BANK_HOLDINGS_PLC,Post-IPO,0.6976194531018585,54,2023-05-22,2023-05-22,2023-06-21,MTRO.L,0,2,1, £23.03 ,11.63,0.0201,0,0,1,0,0,0,0,0,0,0,0,54,0.003284072249589491,-0.10965630114566285,23.03,0.0,0.6257126645911297,3.9889840465642745
MICROLISE_GROUP_PLC,Post-IPO,0.7589194416065093,6,2021-07-22,2021-07-22,2021-08-21,SAAS.L,0,3,39, £17.93 ,14.03,-0.0295,1,0,0,0,0,0,0,0,1,0,0,24,-0.1,-0.05555555555555555,17.93,3.6635616461296463,0.9953311209131174,1.791759469228055
MICROLISE_GROUP_PLC,Pre-IPO,0.5880013830159242,16,2021-07-22,2021-07-22,2021-08-21,SAAS.L,0,3,39, £17.93 ,14.03,-0.0295,1,0,0,0,0,0,0,0,1,0,0,24,-0.1,-0.05555555555555555,17.93,3.6635616461296463,-0.035247685296774,2.772588722239781
MICROSALT_PLC,Post-IPO,0.6636003254525404,9,2024-02-01,2024-02-01,2024-03-02, SALT.L,1,2,6, £13.74 ,14.76,-0.0097,0,0,0,0,0,0,1,0,1,1,0,12,0.03793103448275862,-0.03156146179401993,13.74,1.791759469228055,0.42058868734588795,2.1972245773362196
MICROSALT_PLC,Pre-IPO,0.6343253968253969,3,2024-02-01,2024-02-01,2024-03-02, SALT.L,1,2,6, £13.74 ,14.76,-0.0097,0,0,0,0,0,0,1,0,1,1,0,12,0.03793103448275862,-0.03156146179401993,13.74,1.791759469228055,0.24407064562912306,1.0986122886681098
MILTON_CAPITAL_PLC,Post-IPO,0.529350942631481,21,2022-10-04,2022-10-04,2022-11-03,MII.L,0,3,1, £16.07 ,14.29,0.0131,0,0,1,0,0,0,0,0,0,1,1,31,0.12499999999999997,0.05555555555555548,16.07,0.0,-0.3888902514101093,3.044522437723423
MILTON_CAPITAL_PLC,Pre-IPO,0.5481225296442689,10,2022-10-04,2022-10-04,2022-11-03,MII.L,0,3,1, £16.07 ,14.29,0.0131,0,0,1,0,0,0,0,0,0,1,1,31,0.12499999999999997,0.05555555555555548,16.07,0.0,-0.2757038514835558,2.302585092994046
MING_YANG_SMART_ENERGY_GROUP_LIMITED,Post-IPO,0.5068249876386517,94,2022-07-08,2022-07-08,2022-08-07,MYSEq.L,1,3,11, £17.77 ,15.9,0.0319,0,0,0,1,0,0,0,0,1,1,0,180,-0.1,-0.05703703703703706,17.77,2.3978952727983707,-0.5247142362873077,4.543294782270004
MING_YANG_SMART_ENERGY_GROUP_LIMITED,Pre-IPO,0.5972173153213431,83,2022-07-08,2022-07-08,2022-08-07,MYSEq.L,1,3,11, £17.77 ,15.9,0.0319,0,0,0,1,0,0,0,0,1,1,0,180,-0.1,-0.05703703703703706,17.77,2.3978952727983707,0.02032130835872152,4.418840607796598
MOONPIG_GROUP_PLC,Post-IPO,0.7793295168489696,73,2021-02-02,2021-02-02,2021-03-04,MOONM.L,1,1,1, £20.01 ,13.66,0.008,0,0,0,0,0,0,1,0,0,1,1,165,0.08664062500000007,-0.23469387755102036,20.01,0.0,1.1183970576051192,4.290459441148391
MOONPIG_GROUP_PLC,Pre-IPO,0.7103907075870737,60,2021-02-02,2021-02-02,2021-03-04,MOONM.L,1,1,1, £20.01 ,13.66,0.008,0,0,0,0,0,0,1,0,0,1,1,165,0.08664062500000007,-0.23469387755102036,20.01,0.0,0.7027190635036249,4.0943445622221
NET_ZERO_INFRASTRUCTURE_PLC,Post-IPO,0.9016916567915284,99,2021-09-14,2021-09-14,2021-10-14,NZI.L,0,3,32, £14.22 ,20.36,0.0057,0,0,1,0,0,0,0,0,0,1,0,124,0.42857142857142855,-0.1375,14.22,3.4657359027997265,1.8561998921748555,4.59511985013459
NET_ZERO_INFRASTRUCTURE_PLC,Pre-IPO,0.6191736136396024,24,2021-09-14,2021-09-14,2021-10-14,NZI.L,0,3,32, £14.22 ,20.36,0.0057,0,0,1,0,0,0,0,0,0,1,0,124,0.42857142857142855,-0.1375,14.22,3.4657359027997265,0.1527104537551246,3.1780538303479458
NORTHCODERS_GROUP_PLC,Post-IPO,0.718981108673308,8,2021-07-27,2021-07-27,2021-08-26,CODE.L,0,3,5, £15.07 ,16.12,0.0081,1,0,0,0,0,0,0,0,1,1,0,15,-0.11194029850746269,0.2184873949579832,15.07,1.6094379124341003,0.754516312836547,2.0794415416798357
NORTHCODERS_GROUP_PLC,Pre-IPO,0.6479417133502346,7,2021-07-27,2021-07-27,2021-08-26,CODE.L,0,3,5, £15.07 ,16.12,0.0081,1,0,0,0,0,0,0,0,1,1,0,15,-0.11194029850746269,0.2184873949579832,15.07,1.6094379124341003,0.32617248638754764,1.9459101490553132
OCEAN_HARVEST_TECHNOLOGY_GROUP_PLC,Post-IPO,0.6832347081275172,12,2023-04-04,2023-04-04,2023-05-04,OHT.L,1,3,17, £15.61 ,11.73,0.0307,0,0,0,0,0,0,1,0,0,1,0,19,-0.035,-0.03212435233160616,15.61,2.833213344056216,0.538977456939368,2.4849066497880004
OCEAN_HARVEST_TECHNOLOGY_GROUP_PLC,Pre-IPO,0.5456197395197394,7,2023-04-04,2023-04-04,2023-05-04,OHT.L,1,3,17, £15.61 ,11.73,0.0307,0,0,0,0,0,0,1,0,0,1,0,19,-0.035,-0.03212435233160616,15.61,2.833213344056216,-0.29079483999583444,1.9459101490553132
OCTOPUS_FUTURE_GENERATIONS_VCT_PLC,Post-IPO,0.7067884693008479,31,2022-04-05,2022-04-05,2022-05-05,OFGO.L,1,3,1, £17.53 ,13.26,0.0075,0,0,1,0,0,0,0,0,0,0,0,31,0.030303030303030304,-0.014705882352941176,17.53,0.0,0.6809987697949612,3.4339872044851463
ONDINE_BIOMEDICAL_INC,Post-IPO,0.3139640011041301,15,2021-12-06,2021-12-06,2022-01-05,OBI.L,0,2,25, £14.98 ,17.03,-0.0137,0,1,0,0,0,0,0,0,0,0,0,18,0.6065830721003135,-0.07317073170731707,14.98,3.2188758248682006,-1.6876015690021768,2.70805020110221
ONDINE_BIOMEDICAL_INC,Pre-IPO,0.2287516087516087,3,2021-12-06,2021-12-06,2022-01-05,OBI.L,0,2,25, £14.98 ,17.03,-0.0137,0,1,0,0,0,0,0,0,0,0,0,18,0.6065830721003135,-0.07317073170731707,14.98,3.2188758248682006,-2.2014038337196147,1.0986122886681098
ONDO_INSURTECH_PLC,Post-IPO,0.6128377184765051,99,2021-07-28,2021-07-28,2021-08-27,ONDO.L,1,3,8, £14.55 ,23.2,0.0388,0,0,0,0,0,1,0,0,0,1,0,182,0.0967741935483871,0.29411764705882354,14.55,2.0794415416798357,0.11450712212767587,4.59511985013459
ONDO_INSURTECH_PLC,Pre-IPO,0.743091826144866,83,2021-07-28,2021-07-28,2021-08-27,ONDO.L,1,3,8, £14.55 ,23.2,0.0388,0,0,0,0,0,1,0,0,0,1,0,182,0.0967741935483871,0.29411764705882354,14.55,2.0794415416798357,0.8998958861455488,4.418840607796598
ONWARD_OPPORTUNITIES_LIMITED,Post-IPO,0.7353964773043721,2,2023-03-30,2023-03-30,2023-04-29,ONWDO.L,0,3,17, £16.36 ,15.36,0.0008,0,0,1,0,0,0,0,0,1,1,0,17,0.1,0.10840909090909089,16.36,2.833213344056216,0.8534955029045835,0.6931471805599453
ONWARD_OPPORTUNITIES_LIMITED,Pre-IPO,0.757862219153646,15,2023-03-30,2023-03-30,2023-04-29,ONWDO.L,0,3,17, £16.36 ,15.36,0.0008,0,0,1,0,0,0,0,0,1,1,0,17,0.1,0.10840909090909089,16.36,2.833213344056216,0.9889564226374953,2.70805020110221
ORCADIAN_ENERGY_PLC,Post-IPO,0.7382455539314092,18,2021-07-15,2021-07-15,2021-08-14,ORCAO.L,0,3,13, £14.91 ,17.16,0.0172,0,0,0,1,0,0,0,0,1,1,0,29,0.0,0.07692307692307693,14.91,2.5649493574615367,0.8706744833663601,2.8903717578961645
ORCADIAN_ENERGY_PLC,Pre-IPO,0.5005200068655749,7,2021-07-15,2021-07-15,2021-08-14,ORCAO.L,0,3,13, £14.91 ,17.16,0.0172,0,0,0,1,0,0,0,0,1,1,0,29,0.0,0.07692307692307693,14.91,2.5649493574615367,-0.5627311644684225,1.9459101490553132
OXFORD_NANOPORE_TECHNOLOGIES_PLC,Post-IPO,0.47572636472946583,249,2021-09-30,2021-09-30,2021-10-30,ONT.L,1,1,16, £20.08 ,13.59,-0.0142,0,1,0,0,0,0,0,0,1,1,0,611,-0.1972602739726027,0.18600682593856652,20.08,2.772588722239781,-0.7122285454059919,5.517452896464707
OXFORD_NANOPORE_TECHNOLOGIES_PLC,Pre-IPO,0.4847730284626014,283,2021-09-30,2021-09-30,2021-10-30,ONT.L,1,1,16, £20.08 ,13.59,-0.0142,0,1,0,0,0,0,0,0,1,1,0,611,-0.1972602739726027,0.18600682593856652,20.08,2.772588722239781,-0.6576801847052067,5.645446897643238
PANTHEON_INFRASTRUCTURE_PLC,Post-IPO,0.6486974126727755,6,2021-11-16,2021-11-16,2021-12-16,PINT.L,0,2,11, £19.81 ,15.71,-0.0064,0,0,1,0,0,0,0,0,0,1,0,16,-0.0056179775280898875,-0.005649717514124294,19.81,2.3978952727983707,0.3307291008968623,1.791759469228055
PANTHEON_INFRASTRUCTURE_PLC,Pre-IPO,0.6502189451716912,10,2021-11-16,2021-11-16,2021-12-16,PINT.L,0,2,11, £19.81 ,15.71,-0.0064,0,0,1,0,0,0,0,0,0,1,0,16,-0.0056179775280898875,-0.005649717514124294,19.81,2.3978952727983707,0.33990343366937664,2.302585092994046
PEEL_HUNT_LIMITED,Post-IPO,0.40452742374943207,226,2021-09-29,2021-09-29,2021-10-29,PEEL.L,0,2,32, £18.53 ,13.98,0.0133,0,0,1,0,0,0,0,0,0,0,0,270,0.08,0.0,18.53,3.4657359027997265,-1.1415343788777839,5.420534999272286
PEEL_HUNT_LIMITED,Pre-IPO,0.6184132758609303,38,2021-09-29,2021-09-29,2021-10-29,PEEL.L,0,2,32, £18.53 ,13.98,0.0133,0,0,1,0,0,0,0,0,0,0,0,270,0.08,0.0,18.53,3.4657359027997265,0.14812587090459506,3.6375861597263857
PENSIONBEE_GROUP_PLC,Post-IPO,0.39136401722663716,58,2021-04-21,2021-04-21,2021-05-21,PBEE.L,0,3,7, £17.90 ,15.65,0.0414,0,0,1,0,0,0,0,0,1,1,0,193,-0.0955223880597015,-0.10891089108910891,17.9,1.9459101490553132,-1.2209053235970493,4.060443010546419
PENSIONBEE_GROUP_PLC,Pre-IPO,0.5529146520822185,94,2021-04-21,2021-04-21,2021-05-21,PBEE.L,0,3,7, £17.90 ,15.65,0.0414,0,0,1,0,0,0,0,0,1,1,0,193,-0.0955223880597015,-0.10891089108910891,17.9,1.9459101490553132,-0.24680895376450487,4.543294782270004
PETERSHILL_PARTNERS_PLC,Post-IPO,0.5848308917887596,48,2021-09-28,2021-09-28,2021-10-28,PHLL.L,1,1,21, £20.74 ,26.0,0.0378,0,0,1,0,0,0,0,0,0,1,1,145,2.8,-0.46842105263157896,20.74,3.044522437723423,-0.054364688443978196,3.871201010907891
PETERSHILL_PARTNERS_PLC,Pre-IPO,0.5412732853026929,76,2021-09-28,2021-09-28,2021-10-28,PHLL.L,1,1,21, £20.74 ,26.0,0.0378,0,0,1,0,0,0,0,0,0,1,1,145,2.8,-0.46842105263157896,20.74,3.044522437723423,-0.3170025071972244,4.330733340286331
POD_POINT_GROUP_HOLDINGS_PLC,Post-IPO,0.5158673273743144,40,2021-11-04,2021-11-04,2021-12-04,PODP.L,1,1,12, £18.42 ,17.03,-0.0137,0,0,0,1,0,0,0,0,1,1,1,108,0.2365175572519084,-0.20606060606060603,18.42,2.4849066497880004,-0.4701919478470571,3.6888794541139363
POD_POINT_GROUP_HOLDINGS_PLC,Pre-IPO,0.5696492529477012,59,2021-11-04,2021-11-04,2021-12-04,PODP.L,1,1,12, £18.42 ,17.03,-0.0137,0,0,0,1,0,0,0,0,1,1,1,108,0.2365175572519084,-0.20606060606060603,18.42,2.4849066497880004,-0.14590489994734895,4.07753744390572
POOLBEG_PHARMA_PLC,Post-IPO,0.5715287698412699,4,2021-07-19,2021-07-19,2021-08-18,POLB.L,1,3,1, £16.25 ,18.49,0.0206,0,1,0,0,0,0,0,0,1,1,0,15,0.2914285714285714,0.11504424778761062,16.25,0.0,-0.13457204084282806,1.3862943611198906
POOLBEG_PHARMA_PLC,Pre-IPO,0.6264123338552001,10,2021-07-19,2021-07-19,2021-08-18,POLB.L,1,3,1, £16.25 ,18.49,0.0206,0,1,0,0,0,0,0,0,1,1,0,15,0.2914285714285714,0.11504424778761062,16.25,0.0,0.19635751890315456,2.302585092994046
PROCOOK_GROUP_PLC,Post-IPO,0.873887679055362,4,2021-11-10,2021-11-10,2021-12-10,PROC.L,1,2,25, £17.50 ,13.71,-0.0244,0,0,0,0,0,0,1,0,1,1,0,62,-0.04,0.10185185185185185,17.5,3.2188758248682006,1.6885511930291286,1.3862943611198906
PROCOOK_GROUP_PLC,Pre-IPO,0.5675429331761772,51,2021-11-10,2021-11-10,2021-12-10,PROC.L,1,2,25, £17.50 ,13.71,-0.0244,0,0,0,0,0,0,1,0,1,1,0,62,-0.04,0.10185185185185185,17.5,3.2188758248682006,-0.15860530465316888,3.9318256327243257
PUBLIC_POLICY_HOLDING_COMPANY_INC,Post-IPO,0.40982142857142856,2,2021-12-16,2021-12-16,2022-01-15,PPHC.L,0,2,37, £12.63 ,21.99,0.0206,0,0,0,0,0,1,0,0,1,1,0,14,0.15736040609137056,-0.013157894736842105,12.63,3.6109179126442243,-1.1096132980129965,0.6931471805599453
PUBLIC_POLICY_HOLDING_COMPANY_INC,Pre-IPO,0.3912922827903091,8,2021-12-16,2021-12-16,2022-01-15,PPHC.L,0,2,37, £12.63 ,21.99,0.0206,0,0,0,0,0,1,0,0,1,1,0,14,0.15736040609137056,-0.013157894736842105,12.63,3.6109179126442243,-1.2213378582886127,2.0794415416798357
PULSAR_HELIUM_INC,Post-IPO,0.6472167752510851,12,2024-10-18,2024-10-18,2024-11-17,PLSR.L,1,3,2, £14.76 ,18.28,0.0127,0,0,0,0,1,0,0,0,1,1,0,20,0.5,-0.1888888888888889,14.76,0.6931471805599453,0.3218013517809512,2.4849066497880004
PULSAR_HELIUM_INC,Pre-IPO,0.6200269500968991,8,2024-10-18,2024-10-18,2024-11-17,PLSR.L,1,3,2, £14.76 ,18.28,0.0127,0,0,0,0,1,0,0,0,1,1,0,20,0.5,-0.1888888888888889,14.76,0.6931471805599453,0.1578557875759514,2.0794415416798357
RASPBERRY_PI_HOLDINGS_PLC,Post-IPO,0.6020819254067712,260,2024-06-11,2024-06-11,2024-07-11,RPI.L,1,2,16, £18.93 ,20.59,0.0177,1,0,0,0,0,0,0,0,1,0,0,538,0.09523809523809523,-0.10869565217391304,18.93,2.772588722239781,0.04965328238099836,5.560681631015528
RASPBERRY_PI_HOLDINGS_PLC,Pre-IPO,0.556200768464407,277,2024-06-11,2024-06-11,2024-07-11,RPI.L,1,2,16, £18.93 ,20.59,0.0177,1,0,0,0,0,0,0,0,1,0,0,538,0.09523809523809523,-0.10869565217391304,18.93,2.772588722239781,-0.2269947695516191,5.6240175061873385
RC365_HOLDING_PLC,Post-IPO,0.6660315479131916,7,2022-03-23,2022-03-23,2022-04-22,RCGH.L,0,3,2, £14.52 ,16.93,-0.001,0,0,0,0,0,1,0,0,1,1,0,10,1.55,0.37254901960784315,14.52,0.6931471805599453,0.4352481467487728,1.9459101490553132
RED_CAPITAL_PLC,Post-IPO,0.6821898767488611,68,2021-11-19,2021-11-19,2021-12-19,REDC.L,0,3,1, £12.90 ,22.26,0.0229,0,0,1,0,0,0,0,0,0,0,0,155,0.17142857142857143,0.024390243902439025,12.9,0.0,0.5326774727025629,4.219507705176107
RED_CAPITAL_PLC,Pre-IPO,0.6694287487649124,86,2021-11-19,2021-11-19,2021-12-19,REDC.L,0,3,1, £12.90 ,22.26,0.0229,0,0,1,0,0,0,0,0,0,0,0,155,0.17142857142857143,0.024390243902439025,12.9,0.0,0.4557321332104263,4.454347296253507
REVOLUTION_BEAUTY_GROUP_PLC,Post-IPO,0.7416105708139343,19,2021-07-19,2021-07-19,2021-08-18,REVB.L,1,2,29, £19.52 ,15.84,-0.0079,0,0,0,0,0,0,1,0,1,1,0,93,0.1724137931034483,-0.005882352941176476,19.52,3.367295829986474,0.8909644112432958,2.9444389791664403
REVOLUTION_BEAUTY_GROUP_PLC,Pre-IPO,0.7755256902815061,59,2021-07-19,2021-07-19,2021-08-18,REVB.L,1,2,29, £19.52 ,15.84,-0.0079,0,0,0,0,0,0,1,0,1,1,0,93,0.1724137931034483,-0.005882352941176476,19.52,3.367295829986474,1.0954612538916202,4.07753744390572
ROSEBANK_INDUSTRIES_PLC,Post-IPO,0.7959820733256471,29,2024-07-10,2024-07-10,2024-08-09,ROSE.L,0,2,71, £17.62 ,15.73,0.0135,0,0,1,0,0,0,0,0,0,1,0,38,-0.016530778035992594,0.016778523490126315,17.62,4.2626798770413155,1.218806411160826,3.367295829986474
ROSEBANK_INDUSTRIES_PLC,Pre-IPO,0.5467025311019648,9,2024-07-10,2024-07-10,2024-08-09,ROSE.L,0,2,71, £17.62 ,15.73,0.0135,0,0,1,0,0,0,0,0,0,1,0,38,-0.016530778035992594,0.016778523490126315,17.62,4.2626798770413155,-0.28426596841031676,2.1972245773362196
SERAPHIM_SPACE_INVESTMENT_TRUST_PLC,Post-IPO,0.6127191754743874,11,2021-07-14,2021-07-14,2021-08-13,SSIT.L,0,1,5, £18.83 ,23.88,0.0379,0,0,1,0,0,0,0,0,0,0,0,43,0.0,-0.047619047619047616,18.83,1.6094379124341003,0.11379234741858726,2.3978952727983707
SERAPHIM_SPACE_INVESTMENT_TRUST_PLC,Pre-IPO,0.541061957731068,29,2021-07-14,2021-07-14,2021-08-13,SSIT.L,0,1,5, £18.83 ,23.88,0.0379,0,0,1,0,0,0,0,0,0,0,0,43,0.0,-0.047619047619047616,18.83,1.6094379124341003,-0.31827674187014515,3.367295829986474
SILVER_BULLET_DATA_SERVICES_GROUP_PLC,Post-IPO,0.7102272727272728,1,2021-06-28,2021-06-28,2021-07-28,SBDS.L,0,3,5, £11.46 ,16.9,0.017,1,0,0,0,0,0,0,0,0,0,0,10,0.007272727272727204,-0.010228640192539043,11.46,1.6094379124341003,0.7017336058867085,0.0
SILVER_BULLET_DATA_SERVICES_GROUP_PLC,Pre-IPO,0.438626233837625,8,2021-06-28,2021-06-28,2021-07-28,SBDS.L,0,3,5, £11.46 ,16.9,0.017,1,0,0,0,0,0,0,0,0,0,0,10,0.007272727272727204,-0.010228640192539043,11.46,1.6094379124341003,-0.9359299431402753,2.0794415416798357
SKILLCAST_GROUP_PLC,Post-IPO,0.6161417688683516,8,2021-12-01,2021-12-01,2021-12-31,SKLS.L,0,3,20, £15.32 ,13.9,0.0054,1,0,0,0,0,0,0,0,1,1,0,17,0.0,0.024390243902439025,15.32,2.995732273553991,0.1344294424287912,2.0794415416798357
SKILLCAST_GROUP_PLC,Pre-IPO,0.741459363374116,9,2021-12-01,2021-12-01,2021-12-31,SKLS.L,0,3,20, £15.32 ,13.9,0.0054,1,0,0,0,0,0,0,0,1,1,0,17,0.0,0.024390243902439025,15.32,2.995732273553991,0.890052680884883,2.1972245773362196
SOUTHERN_ENERGY_CORP,Post-IPO,0.6728149047368223,7,2021-08-10,2021-08-10,2021-09-09,SOU.V,0,3,11, £14.99 ,22.2,0.0427,0,0,0,1,0,0,0,0,0,0,0,19,-0.06560606060606054,-0.161991243716556,14.99,2.3978952727983707,0.47614952273583927,1.9459101490553132
SOUTHERN_ENERGY_CORP,Pre-IPO,0.6298553502220898,12,2021-08-10,2021-08-10,2021-09-09,SOU.V,0,3,11, £14.99 ,22.2,0.0427,0,0,0,1,0,0,0,0,0,0,0,19,-0.06560606060606054,-0.161991243716556,14.99,2.3978952727983707,0.21711775761877128,2.4849066497880004
SOVEREIGN_METALS_LIMITED,Post-IPO,0.511678403999018,20,2021-12-14,2021-12-14,2022-01-13,SVML.L,0,3,15, £16.06 ,17.45,0.0233,0,0,0,0,1,0,0,0,0,0,0,28,-0.15289711999999997,-0.25217391304347825,16.06,2.70805020110221,-0.495449756688419,2.995732273553991
SOVEREIGN_METALS_LIMITED,Pre-IPO,0.47386750010344325,8,2021-12-14,2021-12-14,2022-01-13,SVML.L,0,3,15, £16.06 ,17.45,0.0233,0,0,0,0,1,0,0,0,0,0,0,28,-0.15289711999999997,-0.25217391304347825,16.06,2.70805020110221,-0.7234368782351227,2.0794415416798357
STELRAD_GROUP_PLC,Post-IPO,0.7599049450110199,14,2021-11-04,2021-11-04,2021-12-04,SRAD.L,1,2,51, £18.37 ,26.0,0.0378,0,0,0,0,0,1,0,0,0,1,0,42,-0.02636916835699797,0.019791666666666666,18.37,3.9318256327243257,1.0012733772815283,2.6390573296152584
STELRAD_GROUP_PLC,Pre-IPO,0.5673478416195854,23,2021-11-04,2021-11-04,2021-12-04,SRAD.L,1,2,51, £18.37 ,26.0,0.0378,0,0,0,0,0,1,0,0,0,1,0,42,-0.02636916835699797,0.019791666666666666,18.37,3.9318256327243257,-0.1597816415783128,3.1354942159291497
STREAKSAI_PLC,Post-IPO,0.7432012676621386,7,2023-01-05,2023-01-05,2023-02-04,STKS.L,0,3,1, £13.47 ,11.76,0.014,0,0,0,0,0,0,1,0,0,0,0,11,-0.05263157894736842,0.05555555555555555,13.47,0.0,0.9005557819409411,1.9459101490553132
STREAKSAI_PLC,Pre-IPO,0.2982684676434676,4,2023-01-05,2023-01-05,2023-02-04,STKS.L,0,3,1, £13.47 ,11.76,0.014,0,0,0,0,0,0,1,0,0,0,0,11,-0.05263157894736842,0.05555555555555555,13.47,0.0,-1.7822403934195752,1.3862943611198906
STRIP_TINNING_HOLDINGS_PLC,Post-IPO,0.6615145502645502,6,2022-02-16,2022-02-16,2022-03-18,STGS.L,1,3,65, £14.43 ,11.76,-0.0127,0,0,0,0,0,1,0,0,0,1,0,11,0.015957446808510637,-0.016579406631762654,14.43,4.174387269895637,0.40801215961683024,1.791759469228055
STRIP_TINNING_HOLDINGS_PLC,Pre-IPO,0.4507127215460175,5,2022-02-16,2022-02-16,2022-03-18,STGS.L,1,3,65, £14.43 ,11.76,-0.0127,0,0,0,0,0,1,0,0,0,1,0,11,0.015957446808510637,-0.016579406631762654,14.43,4.174387269895637,-0.8630524591780757,1.6094379124341003
SUPREME_PLC,Post-IPO,0.8770555555555555,4,2021-02-01,2021-02-01,2021-03-03,SUP.L,0,2,21, £18.03 ,13.05,0.0145,0,0,0,0,0,0,1,0,0,0,0,17,0.375,0.04025974025974026,18.03,3.044522437723423,1.7076524302460223,1.3862943611198906
SUPREME_PLC,Pre-IPO,0.7334473374292132,13,2021-02-01,2021-02-01,2021-03-03,SUP.L,0,2,21, £18.03 ,13.05,0.0145,0,0,0,0,0,0,1,0,0,0,0,17,0.375,0.04025974025974026,18.03,3.044522437723423,0.8417428404753369,2.5649493574615367
TAN_DELTA_SYSTEMS_PLC,Post-IPO,0.18040546427682347,22,2023-08-18,2023-08-18,2023-09-17,TAND.L,1,2,16, £15.66 ,22.13,0.0731,0,0,0,0,0,1,0,0,0,0,0,23,0.0,-0.13636363636363635,15.66,2.772588722239781,-2.492914937160265,3.091042453358316
TAN_DELTA_SYSTEMS_PLC,Pre-IPO,0.2666666666666666,1,2023-08-18,2023-08-18,2023-09-17,TAND.L,1,2,16, £15.66 ,22.13,0.0731,0,0,0,0,0,1,0,0,0,0,0,23,0.0,-0.13636363636363635,15.66,2.772588722239781,-1.9727886982231504,0.0
TAYLOR_MARITIME_INVESTMENTS_LIMITED,Post-IPO,0.6000432221834082,162,2021-05-27,2021-05-27,2021-06-26,TMIP.L,0,2,8, £18.54 ,21.87,-0.0136,0,0,1,0,0,0,0,0,0,1,0,172,-0.0325638911788953,0.13463996591393268,18.54,2.0794415416798357,0.03736058287648034,5.087596335232384
TAYLOR_MARITIME_INVESTMENTS_LIMITED,Pre-IPO,0.4798497863888028,9,2021-05-27,2021-05-27,2021-06-26,TMIP.L,0,2,8, £18.54 ,21.87,-0.0136,0,0,1,0,0,0,0,0,0,1,0,172,-0.0325638911788953,0.13463996591393268,18.54,2.0794415416798357,-0.6873656900341161,2.1972245773362196
TEAM_PLC,Post-IPO,0.5249129273471651,19,2021-03-08,2021-03-08,2021-04-07,TEAMT.L,0,2,21, £15.28 ,17.73,-0.0075,0,0,1,0,0,0,0,0,0,1,0,21,0.075,-0.10465116279069768,15.28,3.044522437723423,-0.41565000126549084,2.9444389791664403
TEAM_PLC,Pre-IPO,0.55,2,2021-03-08,2021-03-08,2021-04-07,TEAMT.L,0,2,21, £15.28 ,17.73,-0.0075,0,0,1,0,0,0,0,0,0,1,0,21,0.075,-0.10465116279069768,15.28,3.044522437723423,-0.2643833323186461,0.6931471805599453
TECHNOLOGY_MINERALS_PLC,Post-IPO,0.5904116491931762,6,2021-11-17,2021-11-17,2021-12-17,TM1.L,0,3,7, £14.22 ,21.9,-0.0611,0,0,0,0,1,0,0,0,0,1,0,41,0.02,-0.09803921568627451,14.22,1.9459101490553132,-0.02071458528333098,1.791759469228055
TECHNOLOGY_MINERALS_PLC,Pre-IPO,0.5339023753242385,35,2021-11-17,2021-11-17,2021-12-17,TM1.L,0,3,7, £14.22 ,21.9,-0.0611,0,0,0,0,1,0,0,0,0,1,0,41,0.02,-0.09803921568627451,14.22,1.9459101490553132,-0.36144663246354436,3.5553480614894135
THE_ARTISANAL_SPIRITS_COMPANY_PLC,Post-IPO,0.48645934444463945,19,2021-06-04,2021-06-04,2021-07-04,ART.L,0,3,4, £16.95 ,19.24,0.0617,0,0,0,0,0,0,1,0,0,1,0,27,2.5,0.05714285714285714,16.95,1.3862943611198906,-0.6475122625675914,2.9444389791664403
THE_ARTISANAL_SPIRITS_COMPANY_PLC,Pre-IPO,0.5456584362139917,3,2021-06-04,2021-06-04,2021-07-04,ART.L,0,3,4, £16.95 ,19.24,0.0617,0,0,0,0,0,0,1,0,0,1,0,27,2.5,0.05714285714285714,16.95,1.3862943611198906,-0.29056151185429324,1.0986122886681098
THOR_EXPLORATIONS_LTD,Post-IPO,0.5706143155441865,61,2021-06-22,2021-06-22,2021-07-22,THX.L,0,2,19, £14.03 ,21.81,0.0058,0,0,0,0,1,0,0,0,1,1,0,86,0.1290322580645161,0.42857142857142855,14.03,2.9444389791664403,-0.14008589482404568,4.110873864173311
THOR_EXPLORATIONS_LTD,Pre-IPO,0.5936066281109192,25,2021-06-22,2021-06-22,2021-07-22,THX.L,0,2,19, £14.03 ,21.81,0.0058,0,0,0,0,1,0,0,0,1,1,0,86,0.1290322580645161,0.42857142857142855,14.03,2.9444389791664403,-0.0014499295408936237,3.2188758248682006
TINYBUILD_INC,Post-IPO,0.5230868427653614,9,2021-03-09,2021-03-09,2021-04-08,TBLD.L,1,2,11, £18.86 ,17.59,0.0399,0,0,0,0,0,0,1,0,1,0,0,15,-0.005,0.11055276381909548,18.86,2.3978952727983707,-0.42666068137660446,2.1972245773362196
TINYBUILD_INC,Pre-IPO,0.11175328040780685,5,2021-03-09,2021-03-09,2021-04-08,TBLD.L,1,2,11, £18.86 ,17.59,0.0399,0,0,0,0,0,0,1,0,1,0,0,15,-0.005,0.11055276381909548,18.86,2.3978952727983707,-2.9068646758763492,1.6094379124341003
TORTILLA_MEXICAN_GRILL_PLC,Post-IPO,0.6601682986343606,6,2021-10-08,2021-10-08,2021-11-07,MEX.L,1,2,1, £17.15 ,24.48,0.0476,0,0,0,0,0,0,1,0,1,1,0,25,0.05517241379310345,0.013071895424836602,17.15,0.0,0.3998947119384526,1.791759469228055
TORTILLA_MEXICAN_GRILL_PLC,Pre-IPO,0.6308652324706672,18,2021-10-08,2021-10-08,2021-11-07,MEX.L,1,2,1, £17.15 ,24.48,0.0476,0,0,0,0,0,0,1,0,1,1,0,25,0.05517241379310345,0.013071895424836602,17.15,0.0,0.22320701027430506,2.8903717578961645
TP_ICAP_GROUP_PLC,Post-IPO,0.3837193285020376,152,2021-02-26,2021-02-26,2021-03-28,TCAPI.L,0,1,7, £20.12 ,19.26,0.0173,0,0,1,0,0,0,0,0,0,0,0,285,0.8,0.0,20.12,1.9459101490553132,-1.2670002432597864,5.0238805208462765
TP_ICAP_GROUP_PLC,Pre-IPO,0.36323701412079445,120,2021-02-26,2021-02-26,2021-03-28,TCAPI.L,0,1,7, £20.12 ,19.26,0.0173,0,0,1,0,0,0,0,0,0,0,0,285,0.8,0.0,20.12,1.9459101490553132,-1.390501757830582,4.787491742782046
TRELLUS_HEALTH_PLC,Post-IPO,0.7762731795959501,10,2021-05-28,2021-05-28,2021-06-27,TRLST.L,0,3,1, £17.17 ,19.26,0.0173,0,1,0,0,0,0,0,0,1,1,0,20,0.10655737704918032,-0.02962962962962963,17.17,0.0,1.0999683647942757,2.302585092994046
TRELLUS_HEALTH_PLC,Pre-IPO,0.5061941866816555,10,2021-05-28,2021-05-28,2021-06-27,TRLST.L,0,3,1, £17.17 ,19.26,0.0173,0,1,0,0,0,0,0,0,1,1,0,20,0.10655737704918032,-0.02962962962962963,17.17,0.0,-0.5285177553687783,2.302585092994046
TRUSTPILOT_GROUP_PLC,Post-IPO,0.5736786105299928,20,2021-03-23,2021-03-23,2021-04-22,TRST.L,1,1,14, £19.98 ,19.26,0.0173,1,0,0,0,0,0,0,0,1,1,0,45,0.4414117647058824,-0.08831211230819462,19.98,2.6390573296152584,-0.1216092195424019,2.995732273553991
TRUSTPILOT_GROUP_PLC,Pre-IPO,0.8456460910303607,15,2021-03-23,2021-03-23,2021-04-22,TRST.L,1,1,14, £19.98 ,19.26,0.0173,1,0,0,0,0,0,0,0,1,1,0,45,0.4414117647058824,-0.08831211230819462,19.98,2.6390573296152584,1.5182638500047403,2.70805020110221
TUNGSTEN_WEST_PLC,Post-IPO,0.8461882457462117,9,2021-10-21,2021-10-21,2021-11-20,TUNT.L,0,3,2, £17.47 ,18.14,0.0225,0,0,0,0,1,0,0,0,1,1,0,24,0.0,0.1275,17.47,0.6931471805599453,1.5215328618601882,2.1972245773362196
TUNGSTEN_WEST_PLC,Pre-IPO,0.40452478570836176,13,2021-10-21,2021-10-21,2021-11-20,TUNT.L,0,3,2, £17.47 ,18.14,0.0225,0,0,0,0,1,0,0,0,1,1,0,24,0.0,0.1275,17.47,0.6931471805599453,-1.1415502853843251,2.5649493574615367
UNICORN_MINERAL_RESOURCES_PLC,Post-IPO,0.34078390398247527,23,2022-10-27,2022-10-27,2022-11-26,UMR.L,0,3,12, £13.05 ,16.59,0.0039,0,0,0,0,1,0,0,0,0,0,0,50,0.08484848484848485,0.22905027932960895,13.05,2.4849066497880004,-1.5258865125654621,3.1354942159291497
UNICORN_MINERAL_RESOURCES_PLC,Pre-IPO,0.3186937718956653,27,2022-10-27,2022-10-27,2022-11-26,UMR.L,0,3,12, £13.05 ,16.59,0.0039,0,0,0,0,1,0,0,0,0,0,0,50,0.08484848484848485,0.22905027932960895,13.05,2.4849066497880004,-1.6590826308853872,3.295836866004329
UPL_LIMITED,Post-IPO,0.5298972049971076,143,2021-12-23,2021-12-23,2022-01-22,UPLLq.L,0,3,36, £11.70 ,19.58,0.0138,0,0,0,0,1,0,0,0,1,1,0,199,0.021929824561403508,-0.02575107296137339,11.7,3.58351893845611,-0.38559647179848044,4.962844630259907
UPL_LIMITED,Pre-IPO,0.5633914530255876,56,2021-12-23,2021-12-23,2022-01-22,UPLLq.L,0,3,36, £11.70 ,19.58,0.0138,0,0,0,0,1,0,0,0,1,1,0,199,0.021929824561403508,-0.02575107296137339,11.7,3.58351893845611,-0.18363734335568666,4.02535169073515
VH_GLOBAL_SUSTAINABLE_ENERGY_OPPORTUNITIES_PLC,Post-IPO,0.5627879967289428,19,2021-02-02,2021-02-02,2021-03-04,ENRGV.L,1,2,1, £19.31 ,18.01,0.0367,0,0,1,0,0,0,0,0,0,0,0,30,0.11011904761904762,0.12064343163538874,19.31,0.0,-0.18727598326842856,2.9444389791664403
VH_GLOBAL_SUSTAINABLE_ENERGY_OPPORTUNITIES_PLC,Pre-IPO,0.6280566625072921,9,2021-02-02,2021-02-02,2021-03-04,ENRGV.L,1,2,1, £19.31 ,18.01,0.0367,0,0,1,0,0,0,0,0,0,0,0,30,0.11011904761904762,0.12064343163538874,19.31,0.0,0.20627227146507607,2.1972245773362196
VICTORIAN_PLUMBING_GROUP_PLC,Post-IPO,0.6634393121799512,42,2021-06-22,2021-06-22,2021-07-22,VIC.L,0,1,20, £19.51 ,26.2,0.0166,0,0,0,0,0,0,1,0,1,0,0,98,0.21621621621621623,0.09644444444444439,19.51,2.995732273553991,0.41961783109104117,3.7376696182833684
VICTORIAN_PLUMBING_GROUP_PLC,Pre-IPO,0.5555844879957048,29,2021-06-22,2021-06-22,2021-07-22,VIC.L,0,1,20, £19.51 ,26.2,0.0166,0,0,0,0,0,0,1,0,1,0,0,98,0.21621621621621623,0.09644444444444439,19.51,2.995732273553991,-0.2307107349385591,3.367295829986474
VIRGIN_WINES_UK_PLC,Post-IPO,0.59720697497521,28,2021-03-02,2021-03-02,2021-04-01,VINO.L,1,2,21, £17.69 ,20.6,0.0253,0,0,0,0,0,0,1,0,1,1,0,113,-0.009999999999999964,-0.17676767676767677,17.69,3.044522437723423,0.02025895952524223,3.332204510175204
VIRGIN_WINES_UK_PLC,Pre-IPO,0.7798685000645842,64,2021-03-02,2021-03-02,2021-04-01,VINO.L,1,2,21, £17.69 ,20.6,0.0253,0,0,0,0,0,0,1,0,1,1,0,113,-0.009999999999999964,-0.17676767676767677,17.69,3.044522437723423,1.1216469463734315,4.1588830833596715
WAG_PAYMENT_SOLUTIONS_PLC,Post-IPO,0.31030983935339185,17,2021-10-08,2021-10-08,2021-11-07,WPS.L,1,1,20, £19.04 ,20.6,0.0253,0,0,0,0,0,1,0,0,1,1,0,68,-0.08256805943142857,-0.12971428571486765,19.04,2.995732273553991,-1.7096349438592742,2.833213344056216
WAG_PAYMENT_SOLUTIONS_PLC,Pre-IPO,0.5197438584640308,26,2021-10-08,2021-10-08,2021-11-07,WPS.L,1,1,20, £19.04 ,20.6,0.0253,0,0,0,0,0,1,0,0,1,1,0,68,-0.08256805943142857,-0.12971428571486765,19.04,2.995732273553991,-0.4468177601478789,3.258096538021482
WINDWARD_LTD,Post-IPO,0.5125900208599227,19,2021-12-06,2021-12-06,2022-01-05,WNWD.L,1,2,11, £17.36 ,17.26,0.0241,1,0,0,0,0,0,0,0,0,0,0,86,0.23579500000000006,0.1999999999999999,17.36,2.3978952727983707,-0.48995301149964754,2.9444389791664403
WINDWARD_LTD,Pre-IPO,0.5691041983087289,67,2021-12-06,2021-12-06,2022-01-05,WNWD.L,1,2,11, £17.36 ,17.26,0.0241,1,0,0,0,0,0,0,0,0,0,0,86,0.23579500000000006,0.1999999999999999,17.36,2.3978952727983707,-0.14919139737063603,4.204692619390966
WISE_PLC,Post-IPO,0.7120911402479321,76,2021-07-07,2021-07-07,2021-08-06,WISEa.L,1,1,10, £18.20 ,16.16,-0.0028,0,0,0,0,0,1,0,0,1,1,0,92,0.016233766233766232,-0.2523961661341853,18.2,2.302585092994046,0.7129721044995182,4.330733340286331
WISE_PLC,Pre-IPO,0.7349737490243811,15,2021-07-07,2021-07-07,2021-08-06,WISEa.L,1,1,10, £18.20 ,16.16,-0.0028,0,0,0,0,0,1,0,0,1,1,0,92,0.016233766233766232,-0.2523961661341853,18.2,2.302585092994046,0.8509465925686204,2.70805020110221
ZENOVA_GROUP_PLC,Post-IPO,0.4223033712379429,10,2021-07-22,2021-07-22,2021-08-21,ZED.L,0,3,1, £15.32 ,16.16,-0.0028,0,0,0,0,0,1,0,0,0,0,0,11,0.07003891050583658,-0.04727272727272727,15.32,0.0,-1.0343513527363417,2.302585092994046
ZENOVA_GROUP_PLC,Pre-IPO,0.5199999999999999,1,2021-07-22,2021-07-22,2021-08-21,ZED.L,0,3,1, £15.32 ,16.16,-0.0028,0,0,0,0,0,1,0,0,0,0,0,11,0.07003891050583658,-0.04727272727272727,15.32,0.0,-0.4452733122379473,0.0
